"Date Time        ","Adjusted vBatt"
2024-04-02 07:18:40,12.53
2024-04-02 07:18:46,12.521
2024-04-02 07:18:52,12.436
2024-04-02 07:18:58,12.393
2024-04-02 07:19:04,12.41
2024-04-02 07:19:10,12.376
2024-04-02 07:19:16,12.41
2024-04-02 07:19:22,12.402
2024-04-02 07:19:28,12.376
2024-04-02 07:19:34,12.384
2024-04-02 07:19:40,12.402
2024-04-02 07:19:46,12.436
2024-04-02 07:19:52,12.376
2024-04-02 07:19:58,12.359
2024-04-02 07:20:04,12.35
2024-04-02 07:20:10,12.35
2024-04-02 07:20:16,12.324
2024-04-02 07:20:22,12.324
2024-04-02 07:20:28,12.342
2024-04-02 07:20:34,12.307
2024-04-02 07:20:40,12.342
2024-04-02 07:20:46,12.324
2024-04-02 07:20:52,12.316
2024-04-02 07:20:58,12.324
2024-04-02 07:21:04,12.316
2024-04-02 07:21:10,12.342
2024-04-02 07:21:16,12.324
2024-04-02 07:21:22,12.316
2024-04-02 07:21:28,12.316
2024-04-02 07:21:34,12.342
2024-04-02 07:21:40,12.307
2024-04-02 07:21:46,12.29
2024-04-02 07:21:52,12.307
2024-04-02 07:21:58,12.29
2024-04-02 07:22:04,12.29
2024-04-02 07:22:10,12.324
2024-04-02 07:22:16,12.316
2024-04-02 07:22:22,12.316
2024-04-02 07:22:28,12.307
2024-04-02 07:22:34,12.333
2024-04-02 07:22:40,12.342
2024-04-02 07:22:46,12.316
2024-04-02 07:22:52,12.333
2024-04-02 07:22:58,12.324
2024-04-02 07:23:04,12.333
2024-04-02 07:23:10,12.333
2024-04-02 07:23:16,12.273
2024-04-02 07:23:22,12.307
2024-04-02 07:23:28,12.299
2024-04-02 07:23:34,12.299
2024-04-02 07:23:40,12.299
2024-04-02 07:23:46,12.316
2024-04-02 07:23:52,12.264
2024-04-02 07:23:58,12.316
2024-04-02 07:24:04,12.282
2024-04-02 07:24:10,12.273
2024-04-02 07:24:16,12.299
2024-04-02 07:24:22,12.299
2024-04-02 07:24:28,12.29
2024-04-02 07:24:34,12.273
2024-04-02 07:24:40,12.29
2024-04-02 07:24:46,12.264
2024-04-02 07:24:52,12.282
2024-04-02 07:24:58,12.256
2024-04-02 07:25:04,12.264
2024-04-02 07:25:10,12.282
2024-04-02 07:25:16,12.316
2024-04-02 07:25:22,12.256
2024-04-02 07:25:28,12.264
2024-04-02 07:25:34,12.273
2024-04-02 07:25:40,12.29
2024-04-02 07:25:46,12.264
2024-04-02 07:25:52,12.256
2024-04-02 07:25:58,12.264
2024-04-02 07:26:04,12.264
2024-04-02 07:26:10,12.247
2024-04-02 07:26:16,12.247
2024-04-02 07:26:22,12.273
2024-04-02 07:26:28,12.264
2024-04-02 07:26:34,12.256
2024-04-02 07:26:40,12.247
2024-04-02 07:26:46,12.264
2024-04-02 07:26:52,12.29
2024-04-02 07:26:58,12.239
2024-04-02 07:27:04,12.239
2024-04-02 07:27:10,12.239
2024-04-02 07:27:16,12.264
2024-04-02 07:27:22,12.247
2024-04-02 07:27:28,12.264
2024-04-02 07:27:34,12.247
2024-04-02 07:27:40,12.247
2024-04-02 07:27:46,12.239
2024-04-02 07:27:52,12.264
2024-04-02 07:27:58,12.256
2024-04-02 07:28:04,12.23
2024-04-02 07:28:10,12.256
2024-04-02 07:28:16,12.264
2024-04-02 07:28:22,12.23
2024-04-02 07:28:28,12.282
2024-04-02 07:28:34,12.239
2024-04-02 07:28:40,12.239
2024-04-02 07:28:46,12.273
2024-04-02 07:28:52,12.222
2024-04-02 07:28:58,12.256
2024-04-02 07:29:04,12.239
2024-04-02 07:29:10,12.222
2024-04-02 07:29:16,12.264
2024-04-02 07:29:22,12.23
2024-04-02 07:29:28,12.256
2024-04-02 07:29:34,12.239
2024-04-02 07:29:40,12.204
2024-04-02 07:29:46,12.222
2024-04-02 07:29:52,12.23
2024-04-02 07:29:58,12.23
2024-04-02 07:30:04,12.204
2024-04-02 07:30:10,12.222
2024-04-02 07:30:16,12.204
2024-04-02 07:30:22,12.239
2024-04-02 07:30:28,12.247
2024-04-02 07:30:34,12.196
2024-04-02 07:30:40,12.196
2024-04-02 07:30:46,12.222
2024-04-02 07:30:52,12.196
2024-04-02 07:30:58,12.239
2024-04-02 07:31:04,12.204
2024-04-02 07:31:10,12.204
2024-04-02 07:31:16,12.213
2024-04-02 07:31:22,12.213
2024-04-02 07:31:28,12.222
2024-04-02 07:31:34,12.213
2024-04-02 07:31:40,12.204
2024-04-02 07:31:46,12.204
2024-04-02 07:31:52,12.239
2024-04-02 07:31:58,12.204
2024-04-02 07:32:04,12.213
2024-04-02 07:32:10,12.204
2024-04-02 07:32:16,12.213
2024-04-02 07:32:22,12.127
2024-04-02 07:32:28,12.213
2024-04-02 07:32:34,12.187
2024-04-02 07:32:40,12.187
2024-04-02 07:32:46,12.179
2024-04-02 07:32:52,12.187
2024-04-02 07:32:58,12.187
2024-04-02 07:33:04,12.162
2024-04-02 07:33:10,12.17
2024-04-02 07:33:16,12.162
2024-04-02 07:33:22,12.196
2024-04-02 07:33:28,12.196
2024-04-02 07:33:34,12.179
2024-04-02 07:33:40,12.17
2024-04-02 07:33:46,12.153
2024-04-02 07:33:52,12.119
2024-04-02 07:33:58,12.17
2024-04-02 07:34:04,12.179
2024-04-02 07:34:10,12.17
2024-04-02 07:34:16,12.136
2024-04-02 07:34:22,12.145
2024-04-02 07:34:28,12.179
2024-04-02 07:34:34,12.136
2024-04-02 07:34:40,12.119
2024-04-02 07:34:46,12.136
2024-04-02 07:34:52,12.145
2024-04-02 07:34:58,12.17
2024-04-02 07:35:04,12.145
2024-04-02 07:35:10,12.119
2024-04-02 07:35:16,12.162
2024-04-02 07:35:22,12.093
2024-04-02 07:35:28,12.145
2024-04-02 07:35:34,12.153
2024-04-02 07:35:40,12.153
2024-04-02 07:35:46,12.119
2024-04-02 07:35:52,12.11
2024-04-02 07:35:58,12.127
2024-04-02 07:36:04,12.11
2024-04-02 07:36:10,12.145
2024-04-02 07:36:16,12.136
2024-04-02 07:36:22,12.119
2024-04-02 07:36:28,12.119
2024-04-02 07:36:34,12.127
2024-04-02 07:36:40,12.119
2024-04-02 07:36:46,12.067
2024-04-02 07:36:52,12.067
2024-04-02 07:36:58,12.102
2024-04-02 07:37:04,12.067
2024-04-02 07:37:10,12.127
2024-04-02 07:37:16,12.05
2024-04-02 07:37:22,12.076
2024-04-02 07:37:28,12.076
2024-04-02 07:37:34,12.119
2024-04-02 07:37:40,12.119
2024-04-02 07:37:46,12.059
2024-04-02 07:37:52,12.102
2024-04-02 07:37:58,12.093
2024-04-02 07:38:04,12.11
2024-04-02 07:38:10,12.102
2024-04-02 07:38:16,12.102
2024-04-02 07:38:22,12.042
2024-04-02 07:38:28,12.093
2024-04-02 07:38:34,12.11
2024-04-02 07:38:40,12.102
2024-04-02 07:38:46,12.093
2024-04-02 07:38:52,12.05
2024-04-02 07:38:58,12.085
2024-04-02 07:39:04,12.076
2024-04-02 07:39:10,12.059
2024-04-02 07:39:16,12.076
2024-04-02 07:39:22,12.05
2024-04-02 07:39:28,12.05
2024-04-02 07:39:34,12.067
2024-04-02 07:39:40,12.085
2024-04-02 07:39:46,12.042
2024-04-02 07:39:52,12.042
2024-04-02 07:39:58,12.042
2024-04-02 07:40:04,12.076
2024-04-02 07:40:10,12.059
2024-04-02 07:40:16,12.067
2024-04-02 07:40:22,12.067
2024-04-02 07:40:28,12.067
2024-04-02 07:40:34,12.05
2024-04-02 07:40:40,12.05
2024-04-02 07:40:46,12.05
2024-04-02 07:40:52,12.05
2024-04-02 07:40:58,12.059
2024-04-02 07:41:04,12.076
2024-04-02 07:41:10,12.059
2024-04-02 07:41:16,12.042
2024-04-02 07:41:22,12.016
2024-04-02 07:41:28,12.033
2024-04-02 07:41:34,12.059
2024-04-02 07:41:40,12.059
2024-04-02 07:41:46,12.05
2024-04-02 07:41:52,12.05
2024-04-02 07:41:58,12.059
2024-04-02 07:42:04,12.025
2024-04-02 07:42:10,12.025
2024-04-02 07:42:16,12.076
2024-04-02 07:42:22,12.016
2024-04-02 07:42:28,12.033
2024-04-02 07:42:34,12.007
2024-04-02 07:42:40,12.042
2024-04-02 07:42:46,12.025
2024-04-02 07:42:52,11.999
2024-04-02 07:42:58,12.025
2024-04-02 07:43:04,12.007
2024-04-02 07:43:10,12.067
2024-04-02 07:43:16,12.059
2024-04-02 07:43:22,11.999
2024-04-02 07:43:28,12.05
2024-04-02 07:43:34,12.067
2024-04-02 07:43:40,12.042
2024-04-02 07:43:46,12.05
2024-04-02 07:43:52,12.016
2024-04-02 07:43:58,12.007
2024-04-02 07:44:04,12.007
2024-04-02 07:44:10,12.05
2024-04-02 07:44:16,12.042
2024-04-02 07:44:22,11.999
2024-04-02 07:44:28,12.025
2024-04-02 07:44:34,11.999
2024-04-02 07:44:40,12.016
2024-04-02 07:44:46,12.007
2024-04-02 07:44:52,12.025
2024-04-02 07:44:58,11.999
2024-04-02 07:45:04,12.016
2024-04-02 07:45:10,12.025
2024-04-02 07:45:16,12.025
2024-04-02 07:45:22,11.999
2024-04-02 07:45:28,12.007
2024-04-02 07:45:34,12.033
2024-04-02 07:45:40,12.05
2024-04-02 07:45:46,12.025
2024-04-02 07:45:52,12.007
2024-04-02 07:45:58,12.042
2024-04-02 07:46:04,12.016
2024-04-02 07:46:10,11.999
2024-04-02 07:46:16,12.05
2024-04-02 07:46:22,11.99
2024-04-02 07:46:28,12.016
2024-04-02 07:46:34,11.973
2024-04-02 07:46:40,11.999
2024-04-02 07:46:46,12.025
2024-04-02 07:46:52,11.999
2024-04-02 07:46:58,12.016
2024-04-02 07:47:04,11.982
2024-04-02 07:47:10,11.99
2024-04-02 07:47:16,11.982
2024-04-02 07:47:22,11.939
2024-04-02 07:47:28,11.99
2024-04-02 07:47:34,11.973
2024-04-02 07:47:40,11.965
2024-04-02 07:47:46,11.982
2024-04-02 07:47:52,11.982
2024-04-02 07:47:58,12.007
2024-04-02 07:48:04,11.982
2024-04-02 07:48:10,11.982
2024-04-02 07:48:16,11.965
2024-04-02 07:48:22,11.99
2024-04-02 07:48:28,12.007
2024-04-02 07:48:34,11.999
2024-04-02 07:48:40,12.007
2024-04-02 07:48:46,11.999
2024-04-02 07:48:52,11.947
2024-04-02 07:48:58,11.956
2024-04-02 07:49:04,11.982
2024-04-02 07:49:10,11.973
2024-04-02 07:49:16,11.965
2024-04-02 07:49:22,12.007
2024-04-02 07:49:28,11.982
2024-04-02 07:49:34,11.99
2024-04-02 07:49:40,11.973
2024-04-02 07:49:46,11.973
2024-04-02 07:49:52,11.999
2024-04-02 07:49:58,11.973
2024-04-02 07:50:04,11.973
2024-04-02 07:50:10,11.973
2024-04-02 07:50:16,11.947
2024-04-02 07:50:22,11.965
2024-04-02 07:50:28,11.947
2024-04-02 07:50:34,11.99
2024-04-02 07:50:40,11.982
2024-04-02 07:50:46,11.956
2024-04-02 07:50:52,11.939
2024-04-02 07:50:58,11.99
2024-04-02 07:51:04,11.99
2024-04-02 07:51:10,11.965
2024-04-02 07:51:16,11.965
2024-04-02 07:51:22,11.947
2024-04-02 07:51:28,11.956
2024-04-02 07:51:34,11.939
2024-04-02 07:51:40,11.956
2024-04-02 07:51:46,11.956
2024-04-02 07:51:52,11.965
2024-04-02 07:51:58,11.956
2024-04-02 07:52:04,11.947
2024-04-02 07:52:10,11.93
2024-04-02 07:52:16,11.947
2024-04-02 07:52:22,11.956
2024-04-02 07:52:28,11.947
2024-04-02 07:52:34,11.947
2024-04-02 07:52:40,11.965
2024-04-02 07:52:46,11.93
2024-04-02 07:52:52,11.965
2024-04-02 07:52:58,11.947
2024-04-02 07:53:04,11.939
2024-04-02 07:53:10,11.965
2024-04-02 07:53:16,11.956
2024-04-02 07:53:22,11.947
2024-04-02 07:53:28,11.922
2024-04-02 07:53:34,11.939
2024-04-02 07:53:40,11.965
2024-04-02 07:53:46,11.939
2024-04-02 07:53:52,11.93
2024-04-02 07:53:58,11.93
2024-04-02 07:54:04,11.913
2024-04-02 07:54:10,11.965
2024-04-02 07:54:16,11.956
2024-04-02 07:54:22,11.939
2024-04-02 07:54:28,11.939
2024-04-02 07:54:34,11.956
2024-04-02 07:54:40,11.93
2024-04-02 07:54:46,11.956
2024-04-02 07:54:52,11.922
2024-04-02 07:54:58,11.905
2024-04-02 07:55:04,11.947
2024-04-02 07:55:10,11.913
2024-04-02 07:55:16,11.922
2024-04-02 07:55:22,11.947
2024-04-02 07:55:28,11.93
2024-04-02 07:55:34,11.93
2024-04-02 07:55:40,11.93
2024-04-02 07:55:46,11.947
2024-04-02 07:55:52,11.913
2024-04-02 07:55:58,11.93
2024-04-02 07:56:04,11.913
2024-04-02 07:56:10,11.939
2024-04-02 07:56:16,11.905
2024-04-02 07:56:22,11.913
2024-04-02 07:56:28,11.913
2024-04-02 07:56:34,11.922
2024-04-02 07:56:40,11.905
2024-04-02 07:56:46,11.93
2024-04-02 07:56:52,11.905
2024-04-02 07:56:58,11.939
2024-04-02 07:57:04,11.905
2024-04-02 07:57:10,11.93
2024-04-02 07:57:16,11.913
2024-04-02 07:57:22,11.896
2024-04-02 07:57:28,11.913
2024-04-02 07:57:34,11.93
2024-04-02 07:57:40,11.913
2024-04-02 07:57:46,11.913
2024-04-02 07:57:52,11.87
2024-04-02 07:57:58,11.888
2024-04-02 07:58:04,11.888
2024-04-02 07:58:10,11.896
2024-04-02 07:58:16,11.939
2024-04-02 07:58:22,11.922
2024-04-02 07:58:28,11.913
2024-04-02 07:58:34,11.922
2024-04-02 07:58:40,11.896
2024-04-02 07:58:46,11.879
2024-04-02 07:58:52,11.913
2024-04-02 07:58:58,11.888
2024-04-02 07:59:04,11.888
2024-04-02 07:59:10,11.905
2024-04-02 07:59:16,11.828
2024-04-02 07:59:22,11.845
2024-04-02 07:59:28,11.853
2024-04-02 07:59:34,11.896
2024-04-02 07:59:40,11.87
2024-04-02 07:59:46,11.879
2024-04-02 07:59:52,11.888
2024-04-02 07:59:58,11.905
2024-04-02 08:00:04,11.87
2024-04-02 08:00:10,11.87
2024-04-02 08:00:16,11.879
2024-04-02 08:00:22,11.87
2024-04-02 08:00:28,11.853
2024-04-02 08:00:34,11.87
2024-04-02 08:00:40,11.888
2024-04-02 08:00:46,11.87
2024-04-02 08:00:52,11.836
2024-04-02 08:00:58,11.802
2024-04-02 08:01:04,11.828
2024-04-02 08:01:10,11.862
2024-04-02 08:01:16,11.828
2024-04-02 08:01:22,11.819
2024-04-02 08:01:28,11.819
2024-04-02 08:01:34,11.845
2024-04-02 08:01:40,11.853
2024-04-02 08:01:46,11.819
2024-04-02 08:01:52,11.828
2024-04-02 08:01:58,11.836
2024-04-02 08:02:04,11.888
2024-04-02 08:02:10,11.81
2024-04-02 08:02:16,11.828
2024-04-02 08:02:22,11.81
2024-04-02 08:02:28,11.768
2024-04-02 08:02:34,11.845
2024-04-02 08:02:40,11.81
2024-04-02 08:02:46,11.845
2024-04-02 08:02:52,11.793
2024-04-02 08:02:58,11.802
2024-04-02 08:03:04,11.828
2024-04-02 08:03:10,11.836
2024-04-02 08:03:16,11.819
2024-04-02 08:03:22,11.802
2024-04-02 08:03:28,11.828
2024-04-02 08:03:34,11.819
2024-04-02 08:03:40,11.819
2024-04-02 08:03:46,11.828
2024-04-02 08:03:52,11.819
2024-04-02 08:03:58,11.733
2024-04-02 08:04:04,11.836
2024-04-02 08:04:10,11.802
2024-04-02 08:04:16,11.819
2024-04-02 08:04:22,11.819
2024-04-02 08:04:28,11.819
2024-04-02 08:04:34,11.802
2024-04-02 08:04:40,11.81
2024-04-02 08:04:46,11.785
2024-04-02 08:04:52,11.802
2024-04-02 08:04:58,11.819
2024-04-02 08:05:04,11.768
2024-04-02 08:05:10,11.802
2024-04-02 08:05:16,11.819
2024-04-02 08:05:22,11.81
2024-04-02 08:05:28,11.793
2024-04-02 08:05:34,11.768
2024-04-02 08:05:40,11.819
2024-04-02 08:05:46,11.793
2024-04-02 08:05:52,11.793
2024-04-02 08:05:58,11.785
2024-04-02 08:06:04,11.802
2024-04-02 08:06:10,11.802
2024-04-02 08:06:16,11.81
2024-04-02 08:06:22,11.785
2024-04-02 08:06:28,11.768
2024-04-02 08:06:34,11.776
2024-04-02 08:06:40,11.768
2024-04-02 08:06:46,11.768
2024-04-02 08:06:52,11.81
2024-04-02 08:06:58,11.768
2024-04-02 08:07:04,11.742
2024-04-02 08:07:10,11.768
2024-04-02 08:07:16,11.793
2024-04-02 08:07:22,11.768
2024-04-02 08:07:28,11.776
2024-04-02 08:07:34,11.776
2024-04-02 08:07:40,11.759
2024-04-02 08:07:46,11.785
2024-04-02 08:07:52,11.759
2024-04-02 08:07:58,11.759
2024-04-02 08:08:04,11.759
2024-04-02 08:08:10,11.75
2024-04-02 08:08:16,11.768
2024-04-02 08:08:22,11.768
2024-04-02 08:08:28,11.768
2024-04-02 08:08:34,11.733
2024-04-02 08:08:40,11.75
2024-04-02 08:08:46,11.742
2024-04-02 08:08:52,11.759
2024-04-02 08:08:58,11.759
2024-04-02 08:09:04,11.768
2024-04-02 08:09:10,11.75
2024-04-02 08:09:16,11.733
2024-04-02 08:09:22,11.733
2024-04-02 08:09:28,11.776
2024-04-02 08:09:34,11.759
2024-04-02 08:09:40,11.75
2024-04-02 08:09:46,11.733
2024-04-02 08:09:52,11.768
2024-04-02 08:09:58,11.759
2024-04-02 08:10:04,11.716
2024-04-02 08:10:10,11.75
2024-04-02 08:10:16,11.716
2024-04-02 08:10:22,11.75
2024-04-02 08:10:28,11.776
2024-04-02 08:10:34,11.716
2024-04-02 08:10:40,11.699
2024-04-02 08:10:46,11.725
2024-04-02 08:10:52,11.742
2024-04-02 08:10:58,11.708
2024-04-02 08:11:04,11.725
2024-04-02 08:11:10,11.75
2024-04-02 08:11:16,11.733
2024-04-02 08:11:22,11.733
2024-04-02 08:11:28,11.742
2024-04-02 08:11:34,11.682
2024-04-02 08:11:40,11.699
2024-04-02 08:11:46,11.75
2024-04-02 08:11:52,11.725
2024-04-02 08:11:58,11.708
2024-04-02 08:12:04,11.708
2024-04-02 08:12:10,11.725
2024-04-02 08:12:16,11.69
2024-04-02 08:12:22,11.716
2024-04-02 08:12:28,11.759
2024-04-02 08:12:34,11.699
2024-04-02 08:12:40,11.733
2024-04-02 08:12:46,11.708
2024-04-02 08:12:52,11.75
2024-04-02 08:12:58,11.742
2024-04-02 08:13:04,11.682
2024-04-02 08:13:10,11.716
2024-04-02 08:13:16,11.699
2024-04-02 08:13:22,11.699
2024-04-02 08:13:28,11.725
2024-04-02 08:13:34,11.725
2024-04-02 08:13:40,11.69
2024-04-02 08:13:46,11.682
2024-04-02 08:13:52,11.733
2024-04-02 08:13:58,11.716
2024-04-02 08:14:04,11.716
2024-04-02 08:14:10,11.725
2024-04-02 08:14:16,11.699
2024-04-02 08:14:22,11.69
2024-04-02 08:14:28,11.708
2024-04-02 08:14:34,11.69
2024-04-02 08:14:40,11.708
2024-04-02 08:14:46,11.673
2024-04-02 08:14:52,11.682
2024-04-02 08:14:58,11.725
2024-04-02 08:15:04,11.699
2024-04-02 08:15:10,11.682
2024-04-02 08:15:16,11.69
2024-04-02 08:15:22,11.742
2024-04-02 08:15:28,11.69
2024-04-02 08:15:34,11.69
2024-04-02 08:15:40,11.708
2024-04-02 08:15:46,11.699
2024-04-02 08:15:52,11.725
2024-04-02 08:15:58,11.708
2024-04-02 08:16:04,11.682
2024-04-02 08:16:10,11.69
2024-04-02 08:16:16,11.69
2024-04-02 08:16:22,11.69
2024-04-02 08:16:28,11.708
2024-04-02 08:16:34,11.69
2024-04-02 08:16:40,11.656
2024-04-02 08:16:46,11.69
2024-04-02 08:16:52,11.69
2024-04-02 08:16:58,11.69
2024-04-02 08:17:04,11.69
2024-04-02 08:17:10,11.682
2024-04-02 08:17:16,11.673
2024-04-02 08:17:22,11.648
2024-04-02 08:17:28,11.665
2024-04-02 08:17:34,11.665
2024-04-02 08:17:40,11.673
2024-04-02 08:17:46,11.631
2024-04-02 08:17:52,11.682
2024-04-02 08:17:58,11.673
2024-04-02 08:18:04,11.682
2024-04-02 08:18:10,11.682
2024-04-02 08:18:16,11.622
2024-04-02 08:18:22,11.656
2024-04-02 08:18:28,11.682
2024-04-02 08:18:34,11.656
2024-04-02 08:18:40,11.673
2024-04-02 08:18:46,11.656
2024-04-02 08:18:52,11.622
2024-04-02 08:18:58,11.69
2024-04-02 08:19:04,11.622
2024-04-02 08:19:10,11.665
2024-04-02 08:19:16,11.622
2024-04-02 08:19:22,11.656
2024-04-02 08:19:28,11.656
2024-04-02 08:19:34,11.656
2024-04-02 08:19:40,11.639
2024-04-02 08:19:46,11.656
2024-04-02 08:19:52,11.648
2024-04-02 08:19:58,11.631
2024-04-02 08:20:04,11.639
2024-04-02 08:20:10,11.631
2024-04-02 08:20:16,11.622
2024-04-02 08:20:22,11.639
2024-04-02 08:20:29,11.648
2024-04-02 08:20:35,11.613
2024-04-02 08:20:41,11.639
2024-04-02 08:20:47,11.639
2024-04-02 08:20:53,11.613
2024-04-02 08:20:59,11.639
2024-04-02 08:21:05,11.631
2024-04-02 08:21:11,11.622
2024-04-02 08:21:17,11.648
2024-04-02 08:21:23,11.622
2024-04-02 08:21:29,11.605
2024-04-02 08:21:35,11.665
2024-04-02 08:21:41,11.639
2024-04-02 08:21:47,11.656
2024-04-02 08:21:53,11.613
2024-04-02 08:21:59,11.622
2024-04-02 08:22:05,11.631
2024-04-02 08:22:11,11.639
2024-04-02 08:22:17,11.613
2024-04-02 08:22:23,11.596
2024-04-02 08:22:29,11.605
2024-04-02 08:22:35,11.605
2024-04-02 08:22:41,11.622
2024-04-02 08:22:47,11.622
2024-04-02 08:22:53,11.622
2024-04-02 08:22:59,11.596
2024-04-02 08:23:05,11.622
2024-04-02 08:23:11,11.596
2024-04-02 08:23:17,11.622
2024-04-02 08:23:23,11.622
2024-04-02 08:23:29,11.596
2024-04-02 08:23:35,11.588
2024-04-02 08:23:41,11.588
2024-04-02 08:23:47,11.605
2024-04-02 08:23:53,11.588
2024-04-02 08:23:59,11.588
2024-04-02 08:24:05,11.596
2024-04-02 08:24:11,11.622
2024-04-02 08:24:17,11.605
2024-04-02 08:24:23,11.596
2024-04-02 08:24:29,11.571
2024-04-02 08:24:35,11.613
2024-04-02 08:24:41,11.596
2024-04-02 08:24:47,11.605
2024-04-02 08:24:53,11.562
2024-04-02 08:24:59,11.605
2024-04-02 08:25:05,11.596
2024-04-02 08:25:11,11.571
2024-04-02 08:25:17,11.605
2024-04-02 08:25:23,11.579
2024-04-02 08:25:29,11.579
2024-04-02 08:25:35,11.579
2024-04-02 08:25:41,11.545
2024-04-02 08:25:47,11.613
2024-04-02 08:25:53,11.596
2024-04-02 08:25:59,11.571
2024-04-02 08:26:05,11.553
2024-04-02 08:26:11,11.588
2024-04-02 08:26:17,11.571
2024-04-02 08:26:23,11.536
2024-04-02 08:26:29,11.571
2024-04-02 08:26:35,11.562
2024-04-02 08:26:41,11.536
2024-04-02 08:26:47,11.588
2024-04-02 08:26:53,11.519
2024-04-02 08:26:59,11.536
2024-04-02 08:27:05,11.562
2024-04-02 08:27:11,11.553
2024-04-02 08:27:17,11.545
2024-04-02 08:27:23,11.588
2024-04-02 08:27:29,11.528
2024-04-02 08:27:35,11.536
2024-04-02 08:27:41,11.545
2024-04-02 08:27:47,11.571
2024-04-02 08:27:53,11.536
2024-04-02 08:27:59,11.493
2024-04-02 08:28:05,11.528
2024-04-02 08:28:11,11.493
2024-04-02 08:28:17,11.528
2024-04-02 08:28:23,11.536
2024-04-02 08:28:29,11.519
2024-04-02 08:28:35,11.553
2024-04-02 08:28:41,11.519
2024-04-02 08:28:47,11.579
2024-04-02 08:28:53,11.519
2024-04-02 08:28:59,11.528
2024-04-02 08:29:05,11.502
2024-04-02 08:29:11,11.528
2024-04-02 08:29:17,11.519
2024-04-02 08:29:23,11.545
2024-04-02 08:29:29,11.511
2024-04-02 08:29:35,11.493
2024-04-02 08:29:41,11.511
2024-04-02 08:29:47,11.536
2024-04-02 08:29:53,11.519
2024-04-02 08:29:59,11.502
2024-04-02 08:30:05,11.476
2024-04-02 08:30:11,11.485
2024-04-02 08:30:17,11.519
2024-04-02 08:30:23,11.502
2024-04-02 08:30:29,11.536
2024-04-02 08:30:35,11.511
2024-04-02 08:30:41,11.485
2024-04-02 08:30:47,11.528
2024-04-02 08:30:53,11.528
2024-04-02 08:30:59,11.519
2024-04-02 08:31:05,11.493
2024-04-02 08:31:11,11.451
2024-04-02 08:31:17,11.511
2024-04-02 08:31:23,11.519
2024-04-02 08:31:29,11.493
2024-04-02 08:31:35,11.459
2024-04-02 08:31:41,11.528
2024-04-02 08:31:47,11.493
2024-04-02 08:31:53,11.528
2024-04-02 08:31:59,11.502
2024-04-02 08:32:05,11.451
2024-04-02 08:32:11,11.476
2024-04-02 08:32:17,11.493
2024-04-02 08:32:23,11.493
2024-04-02 08:32:29,11.485
2024-04-02 08:32:35,11.459
2024-04-02 08:32:41,11.451
2024-04-02 08:32:47,11.493
2024-04-02 08:32:53,11.459
2024-04-02 08:32:59,11.493
2024-04-02 08:33:05,11.459
2024-04-02 08:33:11,11.468
2024-04-02 08:33:17,11.476
2024-04-02 08:33:23,11.476
2024-04-02 08:33:29,11.502
2024-04-02 08:33:35,11.485
2024-04-02 08:33:41,11.468
2024-04-02 08:33:47,11.476
2024-04-02 08:33:53,11.476
2024-04-02 08:33:59,11.476
2024-04-02 08:34:05,11.476
2024-04-02 08:34:11,11.459
2024-04-02 08:34:17,11.476
2024-04-02 08:34:23,11.476
2024-04-02 08:34:29,11.493
2024-04-02 08:34:35,11.485
2024-04-02 08:34:41,11.468
2024-04-02 08:34:47,11.451
2024-04-02 08:34:53,11.459
2024-04-02 08:34:59,11.451
2024-04-02 08:35:05,11.459
2024-04-02 08:35:11,11.468
2024-04-02 08:35:17,11.468
2024-04-02 08:35:23,11.425
2024-04-02 08:35:29,11.476
2024-04-02 08:35:35,11.468
2024-04-02 08:35:41,11.433
2024-04-02 08:35:47,11.425
2024-04-02 08:35:53,11.476
2024-04-02 08:35:59,11.476
2024-04-02 08:36:05,11.485
2024-04-02 08:36:11,11.468
2024-04-02 08:36:17,11.451
2024-04-02 08:36:23,11.451
2024-04-02 08:36:29,11.476
2024-04-02 08:36:35,11.451
2024-04-02 08:36:41,11.485
2024-04-02 08:36:47,11.468
2024-04-02 08:36:53,11.433
2024-04-02 08:36:59,11.485
2024-04-02 08:37:05,11.459
2024-04-02 08:37:11,11.433
2024-04-02 08:37:17,11.442
2024-04-02 08:37:23,11.451
2024-04-02 08:37:29,11.442
2024-04-02 08:37:35,11.459
2024-04-02 08:37:41,11.416
2024-04-02 08:37:47,11.442
2024-04-02 08:37:53,11.442
2024-04-02 08:37:59,11.468
2024-04-02 08:38:05,11.442
2024-04-02 08:38:11,11.425
2024-04-02 08:38:17,11.459
2024-04-02 08:38:23,11.451
2024-04-02 08:38:29,11.425
2024-04-02 08:38:35,11.442
2024-04-02 08:38:41,11.433
2024-04-02 08:38:47,11.459
2024-04-02 08:38:53,11.451
2024-04-02 08:38:59,11.425
2024-04-02 08:39:05,11.433
2024-04-02 08:39:11,11.476
2024-04-02 08:39:17,11.433
2024-04-02 08:39:23,11.451
2024-04-02 08:39:29,11.425
2024-04-02 08:39:35,11.468
2024-04-02 08:39:41,11.459
2024-04-02 08:39:47,11.433
2024-04-02 08:39:53,11.433
2024-04-02 08:39:59,11.416
2024-04-02 08:40:05,11.391
2024-04-02 08:40:11,11.433
2024-04-02 08:40:17,11.433
2024-04-02 08:40:23,11.433
2024-04-02 08:40:29,11.442
2024-04-02 08:40:35,11.451
2024-04-02 08:40:41,11.459
2024-04-02 08:40:47,11.425
2024-04-02 08:40:53,11.408
2024-04-02 08:40:59,11.425
2024-04-02 08:41:05,11.416
2024-04-02 08:41:11,11.442
2024-04-02 08:41:17,11.399
2024-04-02 08:41:23,11.442
2024-04-02 08:41:29,11.425
2024-04-02 08:41:35,11.416
2024-04-02 08:41:41,11.425
2024-04-02 08:41:47,11.425
2024-04-02 08:41:53,11.399
2024-04-02 08:41:59,11.408
2024-04-02 08:42:05,11.425
2024-04-02 08:42:11,11.408
2024-04-02 08:42:17,11.416
2024-04-02 08:42:23,11.425
2024-04-02 08:42:29,11.408
2024-04-02 08:42:35,11.416
2024-04-02 08:42:41,11.433
2024-04-02 08:42:47,11.382
2024-04-02 08:42:53,11.365
2024-04-02 08:42:59,11.399
2024-04-02 08:43:05,11.416
2024-04-02 08:43:11,11.408
2024-04-02 08:43:17,11.416
2024-04-02 08:43:23,11.365
2024-04-02 08:43:29,11.382
2024-04-02 08:43:35,11.408
2024-04-02 08:43:41,11.382
2024-04-02 08:43:47,11.425
2024-04-02 08:43:53,11.382
2024-04-02 08:43:59,11.408
2024-04-02 08:44:05,11.399
2024-04-02 08:44:11,11.382
2024-04-02 08:44:17,11.451
2024-04-02 08:44:23,11.365
2024-04-02 08:44:29,11.382
2024-04-02 08:44:35,11.408
2024-04-02 08:44:41,11.408
2024-04-02 08:44:47,11.356
2024-04-02 08:44:53,11.399
2024-04-02 08:44:59,11.391
2024-04-02 08:45:05,11.374
2024-04-02 08:45:11,11.425
2024-04-02 08:45:17,11.433
2024-04-02 08:45:23,11.382
2024-04-02 08:45:29,11.374
2024-04-02 08:45:35,11.382
2024-04-02 08:45:41,11.408
2024-04-02 08:45:47,11.408
2024-04-02 08:45:53,11.408
2024-04-02 08:45:59,11.374
2024-04-02 08:46:05,11.382
2024-04-02 08:46:11,11.391
2024-04-02 08:46:17,11.374
2024-04-02 08:46:23,11.391
2024-04-02 08:46:29,11.399
2024-04-02 08:46:35,11.374
2024-04-02 08:46:41,11.382
2024-04-02 08:46:47,11.391
2024-04-02 08:46:53,11.348
2024-04-02 08:46:59,11.374
2024-04-02 08:47:05,11.391
2024-04-02 08:47:11,11.391
2024-04-02 08:47:17,11.374
2024-04-02 08:47:23,11.365
2024-04-02 08:47:29,11.382
2024-04-02 08:47:35,11.374
2024-04-02 08:47:41,11.391
2024-04-02 08:47:47,11.331
2024-04-02 08:47:53,11.356
2024-04-02 08:47:59,11.365
2024-04-02 08:48:05,11.356
2024-04-02 08:48:11,11.356
2024-04-02 08:48:17,11.348
2024-04-02 08:48:23,11.356
2024-04-02 08:48:29,11.356
2024-04-02 08:48:35,11.339
2024-04-02 08:48:41,11.382
2024-04-02 08:48:47,11.356
2024-04-02 08:48:53,11.374
2024-04-02 08:48:59,11.356
2024-04-02 08:49:05,11.331
2024-04-02 08:49:11,11.348
2024-04-02 08:49:17,11.305
2024-04-02 08:49:23,11.365
2024-04-02 08:49:29,11.331
2024-04-02 08:49:35,11.305
2024-04-02 08:49:41,11.348
2024-04-02 08:49:47,11.339
2024-04-02 08:49:53,11.391
2024-04-02 08:49:59,11.322
2024-04-02 08:50:05,11.305
2024-04-02 08:50:11,11.365
2024-04-02 08:50:17,11.356
2024-04-02 08:50:23,11.365
2024-04-02 08:50:29,11.322
2024-04-02 08:50:35,11.339
2024-04-02 08:50:41,11.331
2024-04-02 08:50:47,11.305
2024-04-02 08:50:53,11.374
2024-04-02 08:50:59,11.288
2024-04-02 08:51:05,11.331
2024-04-02 08:51:11,11.322
2024-04-02 08:51:17,11.348
2024-04-02 08:51:23,11.322
2024-04-02 08:51:29,11.331
2024-04-02 08:51:35,11.314
2024-04-02 08:51:41,11.296
2024-04-02 08:51:47,11.331
2024-04-02 08:51:53,11.288
2024-04-02 08:51:59,11.314
2024-04-02 08:52:05,11.279
2024-04-02 08:52:11,11.296
2024-04-02 08:52:17,11.254
2024-04-02 08:52:23,11.288
2024-04-02 08:52:29,11.322
2024-04-02 08:52:35,11.271
2024-04-02 08:52:41,11.305
2024-04-02 08:52:47,11.262
2024-04-02 08:52:53,11.305
2024-04-02 08:52:59,11.322
2024-04-02 08:53:05,11.288
2024-04-02 08:53:11,11.271
2024-04-02 08:53:17,11.271
2024-04-02 08:53:23,11.279
2024-04-02 08:53:29,11.279
2024-04-02 08:53:35,11.262
2024-04-02 08:53:41,11.271
2024-04-02 08:53:47,11.228
2024-04-02 08:53:53,11.288
2024-04-02 08:53:59,11.245
2024-04-02 08:54:05,11.254
2024-04-02 08:54:11,11.271
2024-04-02 08:54:17,11.271
2024-04-02 08:54:23,11.262
2024-04-02 08:54:29,11.271
2024-04-02 08:54:35,11.271
2024-04-02 08:54:41,11.271
2024-04-02 08:54:47,11.271
2024-04-02 08:54:53,11.279
2024-04-02 08:54:59,11.254
2024-04-02 08:55:05,11.271
2024-04-02 08:55:11,11.245
2024-04-02 08:55:17,11.202
2024-04-02 08:55:23,11.254
2024-04-02 08:55:29,11.262
2024-04-02 08:55:35,11.279
2024-04-02 08:55:41,11.262
2024-04-02 08:55:47,11.219
2024-04-02 08:55:53,11.245
2024-04-02 08:55:59,11.262
2024-04-02 08:56:05,11.254
2024-04-02 08:56:11,11.236
2024-04-02 08:56:17,11.219
2024-04-02 08:56:23,11.254
2024-04-02 08:56:29,11.254
2024-04-02 08:56:35,11.254
2024-04-02 08:56:41,11.219
2024-04-02 08:56:47,11.211
2024-04-02 08:56:53,11.245
2024-04-02 08:56:59,11.245
2024-04-02 08:57:05,11.219
2024-04-02 08:57:11,11.228
2024-04-02 08:57:17,11.254
2024-04-02 08:57:23,11.245
2024-04-02 08:57:29,11.236
2024-04-02 08:57:35,11.254
2024-04-02 08:57:41,11.219
2024-04-02 08:57:47,11.202
2024-04-02 08:57:53,11.194
2024-04-02 08:57:59,11.254
2024-04-02 08:58:05,11.262
2024-04-02 08:58:11,11.211
2024-04-02 08:58:17,11.194
2024-04-02 08:58:23,11.211
2024-04-02 08:58:29,11.219
2024-04-02 08:58:35,11.245
2024-04-02 08:58:41,11.219
2024-04-02 08:58:47,11.202
2024-04-02 08:58:53,11.211
2024-04-02 08:58:59,11.245
2024-04-02 08:59:05,11.228
2024-04-02 08:59:11,11.211
2024-04-02 08:59:17,11.202
2024-04-02 08:59:23,11.211
2024-04-02 08:59:29,11.228
2024-04-02 08:59:35,11.219
2024-04-02 08:59:41,11.228
2024-04-02 08:59:47,11.219
2024-04-02 08:59:53,11.211
2024-04-02 08:59:59,11.236
2024-04-02 09:00:05,11.236
2024-04-02 09:00:11,11.219
2024-04-02 09:00:17,11.219
2024-04-02 09:00:23,11.211
2024-04-02 09:00:29,11.194
2024-04-02 09:00:35,11.211
2024-04-02 09:00:41,11.202
2024-04-02 09:00:47,11.202
2024-04-02 09:00:53,11.185
2024-04-02 09:00:59,11.194
2024-04-02 09:01:05,11.219
2024-04-02 09:01:11,11.194
2024-04-02 09:01:17,11.185
2024-04-02 09:01:23,11.211
2024-04-02 09:01:29,11.202
2024-04-02 09:01:35,11.202
2024-04-02 09:01:41,11.211
2024-04-02 09:01:47,11.185
2024-04-02 09:01:53,11.194
2024-04-02 09:01:59,11.194
2024-04-02 09:02:05,11.202
2024-04-02 09:02:11,11.159
2024-04-02 09:02:17,11.228
2024-04-02 09:02:23,11.194
2024-04-02 09:02:29,11.202
2024-04-02 09:02:35,11.211
2024-04-02 09:02:41,11.194
2024-04-02 09:02:47,11.159
2024-04-02 09:02:53,11.142
2024-04-02 09:02:59,11.194
2024-04-02 09:03:05,11.202
2024-04-02 09:03:11,11.159
2024-04-02 09:03:17,11.194
2024-04-02 09:03:23,11.176
2024-04-02 09:03:29,11.176
2024-04-02 09:03:35,11.168
2024-04-02 09:03:41,11.202
2024-04-02 09:03:47,11.185
2024-04-02 09:03:53,11.151
2024-04-02 09:03:59,11.211
2024-04-02 09:04:05,11.176
2024-04-02 09:04:11,11.194
2024-04-02 09:04:17,11.176
2024-04-02 09:04:23,11.125
2024-04-02 09:04:29,11.168
2024-04-02 09:04:35,11.194
2024-04-02 09:04:41,11.185
2024-04-02 09:04:47,11.142
2024-04-02 09:04:53,11.151
2024-04-02 09:04:59,11.142
2024-04-02 09:05:05,11.185
2024-04-02 09:05:11,11.168
2024-04-02 09:05:17,11.176
2024-04-02 09:05:23,11.142
2024-04-02 09:05:29,11.142
2024-04-02 09:05:35,11.176
2024-04-02 09:05:41,11.151
2024-04-02 09:05:47,11.159
2024-04-02 09:05:53,11.099
2024-04-02 09:05:59,11.159
2024-04-02 09:06:05,11.194
2024-04-02 09:06:11,11.176
2024-04-02 09:06:17,11.134
2024-04-02 09:06:23,11.125
2024-04-02 09:06:29,11.125
2024-04-02 09:06:35,11.159
2024-04-02 09:06:41,11.151
2024-04-02 09:06:47,11.142
2024-04-02 09:06:53,11.159
2024-04-02 09:06:59,11.151
2024-04-02 09:07:05,11.117
2024-04-02 09:07:11,11.159
2024-04-02 09:07:17,11.108
2024-04-02 09:07:23,11.134
2024-04-02 09:07:29,11.151
2024-04-02 09:07:35,11.117
2024-04-02 09:07:41,11.142
2024-04-02 09:07:47,11.168
2024-04-02 09:07:53,11.151
2024-04-02 09:07:59,11.099
2024-04-02 09:08:05,11.159
2024-04-02 09:08:11,11.159
2024-04-02 09:08:17,11.142
2024-04-02 09:08:23,11.142
2024-04-02 09:08:29,11.108
2024-04-02 09:08:35,11.117
2024-04-02 09:08:41,11.151
2024-04-02 09:08:47,11.142
2024-04-02 09:08:53,11.091
2024-04-02 09:08:59,11.099
2024-04-02 09:09:05,11.108
2024-04-02 09:09:11,11.117
2024-04-02 09:09:17,11.134
2024-04-02 09:09:23,11.134
2024-04-02 09:09:29,11.117
2024-04-02 09:09:35,11.099
2024-04-02 09:09:41,11.117
2024-04-02 09:09:47,11.134
2024-04-02 09:09:53,11.117
2024-04-02 09:09:59,11.125
2024-04-02 09:10:05,11.099
2024-04-02 09:10:11,11.125
2024-04-02 09:10:17,11.117
2024-04-02 09:10:23,11.099
2024-04-02 09:10:29,11.091
2024-04-02 09:10:35,11.108
2024-04-02 09:10:41,11.099
2024-04-02 09:10:47,11.099
2024-04-02 09:10:53,11.108
2024-04-02 09:10:59,11.099
2024-04-02 09:11:05,11.091
2024-04-02 09:11:11,11.091
2024-04-02 09:11:17,11.117
2024-04-02 09:11:23,11.108
2024-04-02 09:11:29,11.108
2024-04-02 09:11:35,11.108
2024-04-02 09:11:41,11.099
2024-04-02 09:11:47,11.117
2024-04-02 09:11:53,11.065
2024-04-02 09:11:59,11.108
2024-04-02 09:12:05,11.074
2024-04-02 09:12:11,11.074
2024-04-02 09:12:17,11.099
2024-04-02 09:12:23,11.091
2024-04-02 09:12:29,11.108
2024-04-02 09:12:35,11.074
2024-04-02 09:12:41,11.082
2024-04-02 09:12:47,11.108
2024-04-02 09:12:53,11.091
2024-04-02 09:12:59,11.091
2024-04-02 09:13:05,11.099
2024-04-02 09:13:11,11.091
2024-04-02 09:13:17,11.099
2024-04-02 09:13:23,11.065
2024-04-02 09:13:29,11.082
2024-04-02 09:13:35,11.099
2024-04-02 09:13:41,11.074
2024-04-02 09:13:47,11.065
2024-04-02 09:13:53,11.082
2024-04-02 09:13:59,11.065
2024-04-02 09:14:05,11.057
2024-04-02 09:14:11,11.074
2024-04-02 09:14:17,11.074
2024-04-02 09:14:23,11.057
2024-04-02 09:14:29,11.091
2024-04-02 09:14:35,11.039
2024-04-02 09:14:41,11.065
2024-04-02 09:14:47,11.048
2024-04-02 09:14:53,11.048
2024-04-02 09:14:59,11.074
2024-04-02 09:15:05,11.074
2024-04-02 09:15:11,10.997
2024-04-02 09:15:17,11.031
2024-04-02 09:15:23,11.065
2024-04-02 09:15:29,11.065
2024-04-02 09:15:35,11.057
2024-04-02 09:15:41,11.031
2024-04-02 09:15:47,11.005
2024-04-02 09:15:53,11.039
2024-04-02 09:15:59,11.074
2024-04-02 09:16:05,11.048
2024-04-02 09:16:11,11.031
2024-04-02 09:16:17,11.065
2024-04-02 09:16:23,11.005
2024-04-02 09:16:29,11.014
2024-04-02 09:16:35,11.065
2024-04-02 09:16:41,11.039
2024-04-02 09:16:47,11.022
2024-04-02 09:16:53,11.057
2024-04-02 09:16:59,11.048
2024-04-02 09:17:05,11.074
2024-04-02 09:17:11,11.031
2024-04-02 09:17:17,11.014
2024-04-02 09:17:23,11.065
2024-04-02 09:17:29,11.074
2024-04-02 09:17:35,11.048
2024-04-02 09:17:41,11.022
2024-04-02 09:17:47,11.022
2024-04-02 09:17:53,11.048
2024-04-02 09:17:59,11.005
2024-04-02 09:18:05,11.031
2024-04-02 09:18:11,11.022
2024-04-02 09:18:17,11.022
2024-04-02 09:18:23,11.048
2024-04-02 09:18:29,11.014
2024-04-02 09:18:35,10.997
2024-04-02 09:18:41,11.014
2024-04-02 09:18:47,11.039
2024-04-02 09:18:53,11.014
2024-04-02 09:18:59,11.014
2024-04-02 09:19:05,11.039
2024-04-02 09:19:11,10.979
2024-04-02 09:19:17,10.962
2024-04-02 09:19:23,11.022
2024-04-02 09:19:29,11.014
2024-04-02 09:19:35,10.997
2024-04-02 09:19:41,10.997
2024-04-02 09:19:47,11.014
2024-04-02 09:19:53,10.988
2024-04-02 09:19:59,10.962
2024-04-02 09:20:05,11.014
2024-04-02 09:20:11,11.005
2024-04-02 09:20:17,10.962
2024-04-02 09:20:23,10.997
2024-04-02 09:20:29,11.031
2024-04-02 09:20:35,10.971
2024-04-02 09:20:41,10.979
2024-04-02 09:20:47,10.962
2024-04-02 09:20:53,10.988
2024-04-02 09:20:59,10.962
2024-04-02 09:21:05,10.997
2024-04-02 09:21:11,10.979
2024-04-02 09:21:17,10.997
2024-04-02 09:21:23,11.005
2024-04-02 09:21:29,10.954
2024-04-02 09:21:35,10.997
2024-04-02 09:21:41,10.954
2024-04-02 09:21:47,10.971
2024-04-02 09:21:53,10.971
2024-04-02 09:21:59,10.997
2024-04-02 09:22:05,10.988
2024-04-02 09:22:11,10.937
2024-04-02 09:22:17,10.979
2024-04-02 09:22:23,10.945
2024-04-02 09:22:29,10.971
2024-04-02 09:22:35,10.954
2024-04-02 09:22:41,10.954
2024-04-02 09:22:47,10.954
2024-04-02 09:22:53,10.979
2024-04-02 09:22:59,10.979
2024-04-02 09:23:05,10.988
2024-04-02 09:23:11,10.971
2024-04-02 09:23:17,10.937
2024-04-02 09:23:23,10.971
2024-04-02 09:23:29,10.954
2024-04-02 09:23:35,10.979
2024-04-02 09:23:41,10.937
2024-04-02 09:23:47,10.945
2024-04-02 09:23:53,10.962
2024-04-02 09:23:59,10.937
2024-04-02 09:24:05,10.971
2024-04-02 09:24:11,10.937
2024-04-02 09:24:17,10.988
2024-04-02 09:24:23,10.937
2024-04-02 09:24:29,10.954
2024-04-02 09:24:35,10.945
2024-04-02 09:24:41,10.954
2024-04-02 09:24:47,10.979
2024-04-02 09:24:53,10.945
2024-04-02 09:24:59,10.954
2024-04-02 09:25:05,10.962
2024-04-02 09:25:11,11.005
2024-04-02 09:25:17,10.954
2024-04-02 09:25:23,10.962
2024-04-02 09:25:29,10.919
2024-04-02 09:25:35,10.962
2024-04-02 09:25:41,10.962
2024-04-02 09:25:47,10.962
2024-04-02 09:25:53,10.945
2024-04-02 09:25:59,10.937
2024-04-02 09:26:05,10.937
2024-04-02 09:26:11,10.971
2024-04-02 09:26:17,10.945
2024-04-02 09:26:23,10.954
2024-04-02 09:26:29,10.971
2024-04-02 09:26:35,10.971
2024-04-02 09:26:41,10.945
2024-04-02 09:26:47,10.954
2024-04-02 09:26:53,10.962
2024-04-02 09:26:59,10.937
2024-04-02 09:27:05,10.937
2024-04-02 09:27:11,10.945
2024-04-02 09:27:17,10.954
2024-04-02 09:27:23,10.954
2024-04-02 09:27:29,10.945
2024-04-02 09:27:35,10.911
2024-04-02 09:27:41,10.937
2024-04-02 09:27:47,10.954
2024-04-02 09:27:53,10.954
2024-04-02 09:27:59,10.937
2024-04-02 09:28:05,10.962
2024-04-02 09:28:11,10.954
2024-04-02 09:28:17,10.954
2024-04-02 09:28:23,10.919
2024-04-02 09:28:29,10.911
2024-04-02 09:28:35,10.919
2024-04-02 09:28:41,10.962
2024-04-02 09:28:47,10.919
2024-04-02 09:28:53,10.919
2024-04-02 09:28:59,10.937
2024-04-02 09:29:05,10.954
2024-04-02 09:29:11,10.911
2024-04-02 09:29:17,10.919
2024-04-02 09:29:23,10.937
2024-04-02 09:29:29,10.919
2024-04-02 09:29:35,10.937
2024-04-02 09:29:41,10.902
2024-04-02 09:29:47,10.945
2024-04-02 09:29:53,10.928
2024-04-02 09:29:59,10.945
2024-04-02 09:30:05,10.919
2024-04-02 09:30:11,10.911
2024-04-02 09:30:17,10.945
2024-04-02 09:30:23,10.937
2024-04-02 09:30:29,10.928
2024-04-02 09:30:35,10.928
2024-04-02 09:30:41,10.945
2024-04-02 09:30:47,10.945
2024-04-02 09:30:53,10.919
2024-04-02 09:30:59,10.945
2024-04-02 09:31:05,10.902
2024-04-02 09:31:11,10.962
2024-04-02 09:31:17,10.954
2024-04-02 09:31:23,10.928
2024-04-02 09:31:29,10.894
2024-04-02 09:31:35,10.962
2024-04-02 09:31:41,10.894
2024-04-02 09:31:47,10.954
2024-04-02 09:31:53,10.928
2024-04-02 09:31:59,10.928
2024-04-02 09:32:05,10.937
2024-04-02 09:32:11,10.911
2024-04-02 09:32:17,10.962
2024-04-02 09:32:23,10.954
2024-04-02 09:32:29,10.945
2024-04-02 09:32:35,10.902
2024-04-02 09:32:41,10.911
2024-04-02 09:32:47,10.902
2024-04-02 09:32:53,10.954
2024-04-02 09:32:59,10.911
2024-04-02 09:33:05,10.911
2024-04-02 09:33:11,10.885
2024-04-02 09:33:17,10.902
2024-04-02 09:33:23,10.928
2024-04-02 09:33:29,10.902
2024-04-02 09:33:35,10.877
2024-04-02 09:33:41,10.885
2024-04-02 09:33:47,10.945
2024-04-02 09:33:53,10.919
2024-04-02 09:33:59,10.885
2024-04-02 09:34:05,10.919
2024-04-02 09:34:11,10.937
2024-04-02 09:34:17,10.911
2024-04-02 09:34:23,10.928
2024-04-02 09:34:29,10.902
2024-04-02 09:34:35,10.911
2024-04-02 09:34:41,10.902
2024-04-02 09:34:47,10.937
2024-04-02 09:34:53,10.911
2024-04-02 09:34:59,10.885
2024-04-02 09:35:05,10.902
2024-04-02 09:35:11,10.902
2024-04-02 09:35:17,10.919
2024-04-02 09:35:23,10.894
2024-04-02 09:35:29,10.928
2024-04-02 09:35:35,10.919
2024-04-02 09:35:41,10.877
2024-04-02 09:35:47,10.928
2024-04-02 09:35:53,10.885
2024-04-02 09:35:59,10.885
2024-04-02 09:36:05,10.919
2024-04-02 09:36:11,10.928
2024-04-02 09:36:17,10.928
2024-04-02 09:36:23,10.911
2024-04-02 09:36:29,10.945
2024-04-02 09:36:35,10.902
2024-04-02 09:36:41,10.885
2024-04-02 09:36:47,10.902
2024-04-02 09:36:53,10.911
2024-04-02 09:36:59,10.919
2024-04-02 09:37:05,10.937
2024-04-02 09:37:11,10.877
2024-04-02 09:37:17,10.877
2024-04-02 09:37:23,10.894
2024-04-02 09:37:29,10.919
2024-04-02 09:37:35,10.885
2024-04-02 09:37:41,10.894
2024-04-02 09:37:47,10.902
2024-04-02 09:37:53,10.911
2024-04-02 09:37:59,10.877
2024-04-02 09:38:05,10.902
2024-04-02 09:38:11,10.902
2024-04-02 09:38:17,10.885
2024-04-02 09:38:23,10.945
2024-04-02 09:38:29,10.902
2024-04-02 09:38:35,10.894
2024-04-02 09:38:41,10.902
2024-04-02 09:38:47,10.911
2024-04-02 09:38:53,10.894
2024-04-02 09:38:59,10.902
2024-04-02 09:39:05,10.894
2024-04-02 09:39:11,10.885
2024-04-02 09:39:17,10.894
2024-04-02 09:39:23,10.894
2024-04-02 09:39:29,10.911
2024-04-02 09:39:35,10.928
2024-04-02 09:39:41,10.911
2024-04-02 09:39:47,10.902
2024-04-02 09:39:53,10.877
2024-04-02 09:39:59,10.919
2024-04-02 09:40:05,10.894
2024-04-02 09:40:11,10.885
2024-04-02 09:40:17,10.894
2024-04-02 09:40:23,10.885
2024-04-02 09:40:29,10.894
2024-04-02 09:40:35,10.877
2024-04-02 09:40:41,10.894
2024-04-02 09:40:47,10.885
2024-04-02 09:40:53,10.894
2024-04-02 09:40:59,10.902
2024-04-02 09:41:05,10.919
2024-04-02 09:41:11,10.885
2024-04-02 09:41:17,10.894
2024-04-02 09:41:23,10.885
2024-04-02 09:41:29,10.868
2024-04-02 09:41:35,10.894
2024-04-02 09:41:41,10.894
2024-04-02 09:41:47,10.868
2024-04-02 09:41:53,10.894
2024-04-02 09:41:59,10.902
2024-04-02 09:42:05,10.868
2024-04-02 09:42:11,10.919
2024-04-02 09:42:17,10.877
2024-04-02 09:42:23,10.885
2024-04-02 09:42:29,10.894
2024-04-02 09:42:35,10.885
2024-04-02 09:42:41,10.885
2024-04-02 09:42:47,10.885
2024-04-02 09:42:53,10.868
2024-04-02 09:42:59,10.877
2024-04-02 09:43:05,10.894
2024-04-02 09:43:11,10.877
2024-04-02 09:43:17,10.877
2024-04-02 09:43:23,10.885
2024-04-02 09:43:29,10.885
2024-04-02 09:43:35,10.868
2024-04-02 09:43:41,10.877
2024-04-02 09:43:47,10.885
2024-04-02 09:43:53,10.885
2024-04-02 09:43:59,10.868
2024-04-02 09:44:05,10.885
2024-04-02 09:44:11,10.902
2024-04-02 09:44:17,10.885
2024-04-02 09:44:23,10.877
2024-04-02 09:44:29,10.885
2024-04-02 09:44:35,10.894
2024-04-02 09:44:41,10.868
2024-04-02 09:44:47,10.885
2024-04-02 09:44:53,10.877
2024-04-02 09:44:59,10.877
2024-04-02 09:45:05,10.885
2024-04-02 09:45:11,10.885
2024-04-02 09:45:17,10.885
2024-04-02 09:45:23,10.877
2024-04-02 09:45:29,10.877
2024-04-02 09:45:35,10.885
2024-04-02 09:45:41,10.877
2024-04-02 09:45:47,10.894
2024-04-02 09:45:53,10.894
2024-04-02 09:45:59,10.868
2024-04-02 09:46:05,10.877
2024-04-02 09:46:11,10.885
2024-04-02 09:46:17,10.877
2024-04-02 09:46:23,10.885
2024-04-02 09:46:29,10.885
2024-04-02 09:46:35,10.868
2024-04-02 09:46:41,10.877
2024-04-02 09:46:47,10.877
2024-04-02 09:46:53,10.885
2024-04-02 09:46:59,10.868
2024-04-02 09:47:05,10.894
2024-04-02 09:47:11,10.868
2024-04-02 09:47:17,10.885
2024-04-02 09:47:23,10.868
2024-04-02 09:47:29,10.868
2024-04-02 09:47:35,10.885
2024-04-02 09:47:41,10.885
2024-04-02 09:47:47,10.877
2024-04-02 09:47:53,10.877
2024-04-02 09:47:59,10.86
2024-04-02 09:48:05,10.877
2024-04-02 09:48:11,10.885
2024-04-02 09:48:17,10.894
2024-04-02 09:48:23,10.885
2024-04-02 09:48:29,10.851
2024-04-02 09:48:35,10.851
2024-04-02 09:48:41,10.868
2024-04-02 09:48:47,10.86
2024-04-02 09:48:53,10.851
2024-04-02 09:48:59,10.86
2024-04-02 09:49:05,10.868
2024-04-02 09:49:11,10.868
2024-04-02 09:49:17,10.894
2024-04-02 09:49:23,10.885
2024-04-02 09:49:29,10.851
2024-04-02 09:49:35,10.808
2024-04-02 09:49:41,10.851
2024-04-02 09:49:47,10.851
2024-04-02 09:49:53,10.877
2024-04-02 09:49:59,10.86
2024-04-02 09:50:05,10.86
2024-04-02 09:50:11,10.851
2024-04-02 09:50:17,10.86
2024-04-02 09:50:23,10.842
2024-04-02 09:50:29,10.851
2024-04-02 09:50:35,10.851
2024-04-02 09:50:41,10.877
2024-04-02 09:50:47,10.851
2024-04-02 09:50:53,10.877
2024-04-02 09:50:59,10.86
2024-04-02 09:51:05,10.842
2024-04-02 09:51:11,10.851
2024-04-02 09:51:17,10.877
2024-04-02 09:51:23,10.885
2024-04-02 09:51:29,10.868
2024-04-02 09:51:35,10.851
2024-04-02 09:51:41,10.834
2024-04-02 09:51:47,10.842
2024-04-02 09:51:53,10.851
2024-04-02 09:51:59,10.86
2024-04-02 09:52:05,10.834
2024-04-02 09:52:11,10.825
2024-04-02 09:52:17,10.851
2024-04-02 09:52:23,10.86
2024-04-02 09:52:29,10.868
2024-04-02 09:52:35,10.825
2024-04-02 09:52:41,10.851
2024-04-02 09:52:47,10.86
2024-04-02 09:52:53,10.851
2024-04-02 09:52:59,10.877
2024-04-02 09:53:05,10.851
2024-04-02 09:53:11,10.851
2024-04-02 09:53:17,10.842
2024-04-02 09:53:23,10.868
2024-04-02 09:53:29,10.868
2024-04-02 09:53:35,10.808
2024-04-02 09:53:41,10.86
2024-04-02 09:53:47,10.842
2024-04-02 09:53:53,10.877
2024-04-02 09:53:59,10.868
2024-04-02 09:54:05,10.825
2024-04-02 09:54:11,10.877
2024-04-02 09:54:17,10.868
2024-04-02 09:54:23,10.842
2024-04-02 09:54:29,10.825
2024-04-02 09:54:35,10.851
2024-04-02 09:54:41,10.842
2024-04-02 09:54:47,10.851
2024-04-02 09:54:53,10.86
2024-04-02 09:54:59,10.877
2024-04-02 09:55:05,10.834
2024-04-02 09:55:11,10.842
2024-04-02 09:55:17,10.851
2024-04-02 09:55:23,10.851
2024-04-02 09:55:29,10.868
2024-04-02 09:55:35,10.851
2024-04-02 09:55:41,10.842
2024-04-02 09:55:47,10.868
2024-04-02 09:55:53,10.86
2024-04-02 09:55:59,10.86
2024-04-02 09:56:05,10.842
2024-04-02 09:56:11,10.817
2024-04-02 09:56:17,10.842
2024-04-02 09:56:23,10.86
2024-04-02 09:56:29,10.834
2024-04-02 09:56:35,10.825
2024-04-02 09:56:41,10.825
2024-04-02 09:56:47,10.825
2024-04-02 09:56:53,10.86
2024-04-02 09:56:59,10.842
2024-04-02 09:57:05,10.851
2024-04-02 09:57:11,10.782
2024-04-02 09:57:17,10.825
2024-04-02 09:57:23,10.842
2024-04-02 09:57:29,10.825
2024-04-02 09:57:35,10.817
2024-04-02 09:57:41,10.842
2024-04-02 09:57:47,10.817
2024-04-02 09:57:53,10.851
2024-04-02 09:57:59,10.842
2024-04-02 09:58:05,10.842
2024-04-02 09:58:11,10.834
2024-04-02 09:58:17,10.817
2024-04-02 09:58:23,10.834
2024-04-02 09:58:29,10.86
2024-04-02 09:58:35,10.808
2024-04-02 09:58:41,10.774
2024-04-02 09:58:47,10.808
2024-04-02 09:58:53,10.825
2024-04-02 09:58:59,10.817
2024-04-02 09:59:05,10.808
2024-04-02 09:59:11,10.808
2024-04-02 09:59:17,10.791
2024-04-02 09:59:23,10.791
2024-04-02 09:59:29,10.842
2024-04-02 09:59:35,10.825
2024-04-02 09:59:41,10.851
2024-04-02 09:59:47,10.808
2024-04-02 09:59:53,10.834
2024-04-02 09:59:59,10.834
2024-04-02 10:00:05,10.834
2024-04-02 10:00:11,10.808
2024-04-02 10:00:17,10.8
2024-04-02 10:00:23,10.8
2024-04-02 10:00:29,10.808
2024-04-02 10:00:35,10.808
2024-04-02 10:00:41,10.8
2024-04-02 10:00:47,10.851
2024-04-02 10:00:53,10.8
2024-04-02 10:00:59,10.817
2024-04-02 10:01:05,10.834
2024-04-02 10:01:11,10.808
2024-04-02 10:01:17,10.791
2024-04-02 10:01:23,10.808
2024-04-02 10:01:29,10.834
2024-04-02 10:01:35,10.825
2024-04-02 10:01:41,10.8
2024-04-02 10:01:47,10.774
2024-04-02 10:01:53,10.808
2024-04-02 10:01:59,10.825
2024-04-02 10:02:05,10.8
2024-04-02 10:02:11,10.825
2024-04-02 10:02:17,10.791
2024-04-02 10:02:23,10.774
2024-04-02 10:02:29,10.825
2024-04-02 10:02:35,10.782
2024-04-02 10:02:41,10.834
2024-04-02 10:02:47,10.817
2024-04-02 10:02:53,10.791
2024-04-02 10:02:59,10.808
2024-04-02 10:03:05,10.834
2024-04-02 10:03:11,10.791
2024-04-02 10:03:17,10.8
2024-04-02 10:03:23,10.8
2024-04-02 10:03:29,10.817
2024-04-02 10:03:35,10.808
2024-04-02 10:03:41,10.808
2024-04-02 10:03:47,10.791
2024-04-02 10:03:53,10.782
2024-04-02 10:03:59,10.782
2024-04-02 10:04:05,10.808
2024-04-02 10:04:11,10.834
2024-04-02 10:04:17,10.842
2024-04-02 10:04:23,10.817
2024-04-02 10:04:29,10.791
2024-04-02 10:04:35,10.825
2024-04-02 10:04:41,10.757
2024-04-02 10:04:47,10.817
2024-04-02 10:04:53,10.817
2024-04-02 10:04:59,10.808
2024-04-02 10:05:05,10.808
2024-04-02 10:05:11,10.782
2024-04-02 10:05:17,10.817
2024-04-02 10:05:23,10.791
2024-04-02 10:05:29,10.791
2024-04-02 10:05:35,10.817
2024-04-02 10:05:41,10.8
2024-04-02 10:05:47,10.8
2024-04-02 10:05:53,10.808
2024-04-02 10:05:59,10.782
2024-04-02 10:06:05,10.817
2024-04-02 10:06:11,10.774
2024-04-02 10:06:17,10.808
2024-04-02 10:06:23,10.774
2024-04-02 10:06:29,10.791
2024-04-02 10:06:35,10.817
2024-04-02 10:06:41,10.8
2024-04-02 10:06:47,10.825
2024-04-02 10:06:53,10.8
2024-04-02 10:06:59,10.8
2024-04-02 10:07:05,10.791
2024-04-02 10:07:11,10.808
2024-04-02 10:07:17,10.791
2024-04-02 10:07:23,10.774
2024-04-02 10:07:29,10.765
2024-04-02 10:07:35,10.782
2024-04-02 10:07:41,10.748
2024-04-02 10:07:47,10.8
2024-04-02 10:07:53,10.791
2024-04-02 10:07:59,10.765
2024-04-02 10:08:05,10.791
2024-04-02 10:08:11,10.791
2024-04-02 10:08:17,10.817
2024-04-02 10:08:23,10.782
2024-04-02 10:08:29,10.765
2024-04-02 10:08:35,10.782
2024-04-02 10:08:41,10.8
2024-04-02 10:08:47,10.765
2024-04-02 10:08:53,10.791
2024-04-02 10:08:59,10.765
2024-04-02 10:09:05,10.791
2024-04-02 10:09:11,10.757
2024-04-02 10:09:17,10.774
2024-04-02 10:09:23,10.782
2024-04-02 10:09:29,10.757
2024-04-02 10:09:35,10.782
2024-04-02 10:09:41,10.748
2024-04-02 10:09:47,10.8
2024-04-02 10:09:53,10.782
2024-04-02 10:09:59,10.765
2024-04-02 10:10:05,10.757
2024-04-02 10:10:11,10.757
2024-04-02 10:10:17,10.774
2024-04-02 10:10:23,10.748
2024-04-02 10:10:29,10.782
2024-04-02 10:10:35,10.765
2024-04-02 10:10:41,10.722
2024-04-02 10:10:47,10.782
2024-04-02 10:10:53,10.757
2024-04-02 10:10:59,10.765
2024-04-02 10:11:05,10.757
2024-04-02 10:11:11,10.782
2024-04-02 10:11:17,10.774
2024-04-02 10:11:23,10.765
2024-04-02 10:11:29,10.765
2024-04-02 10:11:35,10.748
2024-04-02 10:11:41,10.782
2024-04-02 10:11:47,10.765
2024-04-02 10:11:53,10.774
2024-04-02 10:11:59,10.757
2024-04-02 10:12:05,10.748
2024-04-02 10:12:11,10.722
2024-04-02 10:12:17,10.757
2024-04-02 10:12:23,10.757
2024-04-02 10:12:29,10.74
2024-04-02 10:12:35,10.748
2024-04-02 10:12:41,10.748
2024-04-02 10:12:47,10.782
2024-04-02 10:12:53,10.748
2024-04-02 10:12:59,10.748
2024-04-02 10:13:05,10.731
2024-04-02 10:13:11,10.757
2024-04-02 10:13:17,10.774
2024-04-02 10:13:23,10.748
2024-04-02 10:13:29,10.765
2024-04-02 10:13:35,10.765
2024-04-02 10:13:41,10.757
2024-04-02 10:13:47,10.748
2024-04-02 10:13:53,10.748
2024-04-02 10:13:59,10.774
2024-04-02 10:14:05,10.748
2024-04-02 10:14:11,10.74
2024-04-02 10:14:17,10.765
2024-04-02 10:14:23,10.765
2024-04-02 10:14:29,10.765
2024-04-02 10:14:35,10.748
2024-04-02 10:14:41,10.731
2024-04-02 10:14:47,10.757
2024-04-02 10:14:53,10.765
2024-04-02 10:14:59,10.731
2024-04-02 10:15:05,10.748
2024-04-02 10:15:11,10.722
2024-04-02 10:15:17,10.731
2024-04-02 10:15:23,10.74
2024-04-02 10:15:29,10.748
2024-04-02 10:15:35,10.74
2024-04-02 10:15:41,10.731
2024-04-02 10:15:47,10.74
2024-04-02 10:15:53,10.748
2024-04-02 10:15:59,10.748
2024-04-02 10:16:05,10.722
2024-04-02 10:16:11,10.731
2024-04-02 10:16:17,10.74
2024-04-02 10:16:23,10.74
2024-04-02 10:16:29,10.731
2024-04-02 10:16:35,10.748
2024-04-02 10:16:41,10.74
2024-04-02 10:16:47,10.722
2024-04-02 10:16:53,10.748
2024-04-02 10:16:59,10.748
2024-04-02 10:17:05,10.705
2024-04-02 10:17:11,10.714
2024-04-02 10:17:17,10.731
2024-04-02 10:17:23,10.731
2024-04-02 10:17:29,10.74
2024-04-02 10:17:35,10.748
2024-04-02 10:17:41,10.722
2024-04-02 10:17:47,10.731
2024-04-02 10:17:53,10.731
2024-04-02 10:17:59,10.757
2024-04-02 10:18:05,10.757
2024-04-02 10:18:11,10.748
2024-04-02 10:18:17,10.705
2024-04-02 10:18:23,10.757
2024-04-02 10:18:29,10.74
2024-04-02 10:18:35,10.731
2024-04-02 10:18:41,10.731
2024-04-02 10:18:47,10.722
2024-04-02 10:18:53,10.722
2024-04-02 10:18:59,10.748
2024-04-02 10:19:05,10.731
2024-04-02 10:19:11,10.748
2024-04-02 10:19:17,10.731
2024-04-02 10:19:23,10.748
2024-04-02 10:19:29,10.74
2024-04-02 10:19:35,10.748
2024-04-02 10:19:41,10.722
2024-04-02 10:19:47,10.688
2024-04-02 10:19:53,10.74
2024-04-02 10:19:59,10.748
2024-04-02 10:20:05,10.714
2024-04-02 10:20:11,10.705
2024-04-02 10:20:17,10.722
2024-04-02 10:20:23,10.74
2024-04-02 10:20:29,10.74
2024-04-02 10:20:35,10.74
2024-04-02 10:20:41,10.748
2024-04-02 10:20:47,10.722
2024-04-02 10:20:53,10.722
2024-04-02 10:20:59,10.748
2024-04-02 10:21:05,10.731
2024-04-02 10:21:11,10.731
2024-04-02 10:21:17,10.705
2024-04-02 10:21:23,10.722
2024-04-02 10:21:29,10.74
2024-04-02 10:21:35,10.714
2024-04-02 10:21:41,10.722
2024-04-02 10:21:47,10.722
2024-04-02 10:21:53,10.722
2024-04-02 10:21:59,10.731
2024-04-02 10:22:05,10.722
2024-04-02 10:22:11,10.722
2024-04-02 10:22:17,10.705
2024-04-02 10:22:23,10.697
2024-04-02 10:22:29,10.731
2024-04-02 10:22:35,10.74
2024-04-02 10:22:41,10.748
2024-04-02 10:22:47,10.68
2024-04-02 10:22:53,10.714
2024-04-02 10:22:59,10.731
2024-04-02 10:23:05,10.714
2024-04-02 10:23:11,10.714
2024-04-02 10:23:17,10.714
2024-04-02 10:23:23,10.697
2024-04-02 10:23:29,10.705
2024-04-02 10:23:35,10.714
2024-04-02 10:23:41,10.74
2024-04-02 10:23:47,10.705
2024-04-02 10:23:53,10.697
2024-04-02 10:23:59,10.722
2024-04-02 10:24:05,10.714
2024-04-02 10:24:11,10.731
2024-04-02 10:24:17,10.688
2024-04-02 10:24:23,10.697
2024-04-02 10:24:29,10.697
2024-04-02 10:24:35,10.722
2024-04-02 10:24:41,10.731
2024-04-02 10:24:47,10.714
2024-04-02 10:24:53,10.688
2024-04-02 10:24:59,10.705
2024-04-02 10:25:05,10.705
2024-04-02 10:25:11,10.722
2024-04-02 10:25:17,10.74
2024-04-02 10:25:23,10.705
2024-04-02 10:25:29,10.697
2024-04-02 10:25:35,10.705
2024-04-02 10:25:41,10.731
2024-04-02 10:25:47,10.688
2024-04-02 10:25:53,10.688
2024-04-02 10:25:59,10.68
2024-04-02 10:26:05,10.697
2024-04-02 10:26:11,10.722
2024-04-02 10:26:17,10.697
2024-04-02 10:26:23,10.697
2024-04-02 10:26:29,10.488
2024-04-02 10:26:35,10.722
2024-04-02 10:26:41,10.688
2024-04-02 10:26:47,10.688
2024-04-02 10:26:53,10.697
2024-04-02 10:26:59,10.697
2024-04-02 10:27:05,10.705
2024-04-02 10:27:11,10.688
2024-04-02 10:27:17,10.662
2024-04-02 10:27:23,10.688
2024-04-02 10:27:29,10.688
2024-04-02 10:27:35,10.722
2024-04-02 10:27:41,10.705
2024-04-02 10:27:47,10.714
2024-04-02 10:27:53,10.688
2024-04-02 10:27:59,10.671
2024-04-02 10:28:05,10.714
2024-04-02 10:28:11,10.688
2024-04-02 10:28:17,10.722
2024-04-02 10:28:23,10.68
2024-04-02 10:28:29,10.688
2024-04-02 10:28:35,10.671
2024-04-02 10:28:41,10.731
2024-04-02 10:28:47,10.688
2024-04-02 10:28:53,10.688
2024-04-02 10:28:59,10.697
2024-04-02 10:29:05,10.697
2024-04-02 10:29:11,10.705
2024-04-02 10:29:17,10.705
2024-04-02 10:29:23,10.714
2024-04-02 10:29:29,10.688
2024-04-02 10:29:35,10.697
2024-04-02 10:29:41,10.722
2024-04-02 10:29:47,10.688
2024-04-02 10:29:53,10.714
2024-04-02 10:29:59,10.68
2024-04-02 10:30:05,10.688
2024-04-02 10:30:11,10.714
2024-04-02 10:30:17,10.637
2024-04-02 10:30:23,10.705
2024-04-02 10:30:29,10.671
2024-04-02 10:30:35,10.68
2024-04-02 10:30:41,10.68
2024-04-02 10:30:47,10.714
2024-04-02 10:30:53,10.697
2024-04-02 10:30:59,10.671
2024-04-02 10:31:05,10.688
2024-04-02 10:31:11,10.688
2024-04-02 10:31:17,10.68
2024-04-02 10:31:23,10.68
2024-04-02 10:31:29,10.662
2024-04-02 10:31:35,10.662
2024-04-02 10:31:41,10.688
2024-04-02 10:31:47,10.68
2024-04-02 10:31:53,10.697
2024-04-02 10:31:59,10.688
2024-04-02 10:32:05,10.662
2024-04-02 10:32:11,10.671
2024-04-02 10:32:17,10.697
2024-04-02 10:32:23,10.705
2024-04-02 10:32:29,10.714
2024-04-02 10:32:35,10.68
2024-04-02 10:32:41,10.697
2024-04-02 10:32:47,10.688
2024-04-02 10:32:53,10.688
2024-04-02 10:32:59,10.671
2024-04-02 10:33:05,10.697
2024-04-02 10:33:11,10.697
2024-04-02 10:33:17,10.68
2024-04-02 10:33:23,10.671
2024-04-02 10:33:29,10.697
2024-04-02 10:33:35,10.671
2024-04-02 10:33:41,10.671
2024-04-02 10:33:47,10.671
2024-04-02 10:33:53,10.697
2024-04-02 10:33:59,10.671
2024-04-02 10:34:05,10.654
2024-04-02 10:34:11,10.662
2024-04-02 10:34:17,10.688
2024-04-02 10:34:23,10.688
2024-04-02 10:34:29,10.705
2024-04-02 10:34:35,10.654
2024-04-02 10:34:41,10.671
2024-04-02 10:34:47,10.671
2024-04-02 10:34:53,10.628
2024-04-02 10:34:59,10.671
2024-04-02 10:35:05,10.662
2024-04-02 10:35:11,10.671
2024-04-02 10:35:17,10.68
2024-04-02 10:35:23,10.662
2024-04-02 10:35:29,10.671
2024-04-02 10:35:35,10.654
2024-04-02 10:35:41,10.68
2024-04-02 10:35:47,10.68
2024-04-02 10:35:53,10.671
2024-04-02 10:35:59,10.68
2024-04-02 10:36:05,10.637
2024-04-02 10:36:11,10.645
2024-04-02 10:36:17,10.68
2024-04-02 10:36:23,10.645
2024-04-02 10:36:29,10.671
2024-04-02 10:36:35,10.645
2024-04-02 10:36:41,10.645
2024-04-02 10:36:47,10.62
2024-04-02 10:36:53,10.662
2024-04-02 10:36:59,10.68
2024-04-02 10:37:05,10.654
2024-04-02 10:37:11,10.637
2024-04-02 10:37:17,10.645
2024-04-02 10:37:23,10.654
2024-04-02 10:37:29,10.671
2024-04-02 10:37:35,10.688
2024-04-02 10:37:41,10.645
2024-04-02 10:37:47,10.654
2024-04-02 10:37:53,10.628
2024-04-02 10:37:59,10.654
2024-04-02 10:38:05,10.654
2024-04-02 10:38:11,10.654
2024-04-02 10:38:17,10.645
2024-04-02 10:38:23,10.637
2024-04-02 10:38:29,10.671
2024-04-02 10:38:35,10.671
2024-04-02 10:38:41,10.62
2024-04-02 10:38:47,10.637
2024-04-02 10:38:53,10.662
2024-04-02 10:38:59,10.654
2024-04-02 10:39:05,10.645
2024-04-02 10:39:11,10.637
2024-04-02 10:39:17,10.628
2024-04-02 10:39:23,10.62
2024-04-02 10:39:29,10.645
2024-04-02 10:39:35,10.62
2024-04-02 10:39:41,10.637
2024-04-02 10:39:47,10.611
2024-04-02 10:39:53,10.654
2024-04-02 10:39:59,10.628
2024-04-02 10:40:05,10.637
2024-04-02 10:40:11,10.62
2024-04-02 10:40:17,10.645
2024-04-02 10:40:23,10.645
2024-04-02 10:40:29,10.645
2024-04-02 10:40:35,10.611
2024-04-02 10:40:41,10.628
2024-04-02 10:40:47,10.628
2024-04-02 10:40:53,10.585
2024-04-02 10:40:59,10.628
2024-04-02 10:41:05,10.637
2024-04-02 10:41:11,10.628
2024-04-02 10:41:17,10.611
2024-04-02 10:41:23,10.628
2024-04-02 10:41:29,10.628
2024-04-02 10:41:35,10.62
2024-04-02 10:41:41,10.645
2024-04-02 10:41:47,10.62
2024-04-02 10:41:53,10.611
2024-04-02 10:41:59,10.62
2024-04-02 10:42:05,10.611
2024-04-02 10:42:11,10.637
2024-04-02 10:42:17,10.611
2024-04-02 10:42:23,10.603
2024-04-02 10:42:29,10.645
2024-04-02 10:42:35,10.603
2024-04-02 10:42:41,10.603
2024-04-02 10:42:47,10.603
2024-04-02 10:42:53,10.611
2024-04-02 10:42:59,10.628
2024-04-02 10:43:05,10.637
2024-04-02 10:43:11,10.603
2024-04-02 10:43:17,10.62
2024-04-02 10:43:23,10.603
2024-04-02 10:43:29,10.611
2024-04-02 10:43:35,10.611
2024-04-02 10:43:41,10.62
2024-04-02 10:43:47,10.603
2024-04-02 10:43:53,10.577
2024-04-02 10:43:59,10.637
2024-04-02 10:44:05,10.603
2024-04-02 10:44:11,10.611
2024-04-02 10:44:17,10.603
2024-04-02 10:44:23,10.594
2024-04-02 10:44:29,10.611
2024-04-02 10:44:35,10.611
2024-04-02 10:44:41,10.603
2024-04-02 10:44:47,10.594
2024-04-02 10:44:53,10.603
2024-04-02 10:44:59,10.611
2024-04-02 10:45:05,10.603
2024-04-02 10:45:11,10.603
2024-04-02 10:45:17,10.577
2024-04-02 10:45:23,10.56
2024-04-02 10:45:29,10.594
2024-04-02 10:45:35,10.62
2024-04-02 10:45:41,10.62
2024-04-02 10:45:47,10.603
2024-04-02 10:45:53,10.585
2024-04-02 10:45:59,10.568
2024-04-02 10:46:05,10.62
2024-04-02 10:46:11,10.611
2024-04-02 10:46:17,10.585
2024-04-02 10:46:23,10.577
2024-04-02 10:46:29,10.568
2024-04-02 10:46:35,10.62
2024-04-02 10:46:41,10.62
2024-04-02 10:46:47,10.603
2024-04-02 10:46:53,10.56
2024-04-02 10:46:59,10.585
2024-04-02 10:47:05,10.603
2024-04-02 10:47:11,10.577
2024-04-02 10:47:17,10.585
2024-04-02 10:47:23,10.585
2024-04-02 10:47:29,10.577
2024-04-02 10:47:35,10.594
2024-04-02 10:47:41,10.568
2024-04-02 10:47:47,10.611
2024-04-02 10:47:53,10.568
2024-04-02 10:47:59,10.577
2024-04-02 10:48:05,10.577
2024-04-02 10:48:11,10.577
2024-04-02 10:48:17,10.577
2024-04-02 10:48:23,10.551
2024-04-02 10:48:29,10.56
2024-04-02 10:48:35,10.577
2024-04-02 10:48:41,10.603
2024-04-02 10:48:47,10.585
2024-04-02 10:48:53,10.585
2024-04-02 10:48:59,10.577
2024-04-02 10:49:05,10.594
2024-04-02 10:49:11,10.594
2024-04-02 10:49:17,10.594
2024-04-02 10:49:23,10.56
2024-04-02 10:49:29,10.56
2024-04-02 10:49:35,10.543
2024-04-02 10:49:41,10.577
2024-04-02 10:49:47,10.577
2024-04-02 10:49:53,10.585
2024-04-02 10:49:59,10.56
2024-04-02 10:50:05,10.551
2024-04-02 10:50:11,10.56
2024-04-02 10:50:17,10.568
2024-04-02 10:50:23,10.568
2024-04-02 10:50:29,10.568
2024-04-02 10:50:35,10.551
2024-04-02 10:50:41,10.568
2024-04-02 10:50:47,10.577
2024-04-02 10:50:53,10.568
2024-04-02 10:50:59,10.525
2024-04-02 10:51:05,10.551
2024-04-02 10:51:11,10.56
2024-04-02 10:51:17,10.56
2024-04-02 10:51:23,10.543
2024-04-02 10:51:29,10.56
2024-04-02 10:51:35,10.56
2024-04-02 10:51:41,10.56
2024-04-02 10:51:47,10.56
2024-04-02 10:51:53,10.577
2024-04-02 10:51:59,10.543
2024-04-02 10:52:05,10.551
2024-04-02 10:52:11,10.56
2024-04-02 10:52:17,10.551
2024-04-02 10:52:23,10.56
2024-04-02 10:52:29,10.56
2024-04-02 10:52:35,10.534
2024-04-02 10:52:41,10.551
2024-04-02 10:52:47,10.568
2024-04-02 10:52:53,10.534
2024-04-02 10:52:59,10.517
2024-04-02 10:53:05,10.543
2024-04-02 10:53:11,10.543
2024-04-02 10:53:17,10.525
2024-04-02 10:53:23,10.543
2024-04-02 10:53:29,10.551
2024-04-02 10:53:35,10.543
2024-04-02 10:53:41,10.534
2024-04-02 10:53:47,10.543
2024-04-02 10:53:53,10.534
2024-04-02 10:53:59,10.56
2024-04-02 10:54:05,10.525
2024-04-02 10:54:11,10.525
2024-04-02 10:54:17,10.543
2024-04-02 10:54:23,10.534
2024-04-02 10:54:29,10.525
2024-04-02 10:54:35,10.517
2024-04-02 10:54:41,10.525
2024-04-02 10:54:47,10.551
2024-04-02 10:54:53,10.534
2024-04-02 10:54:59,10.543
2024-04-02 10:55:05,10.525
2024-04-02 10:55:11,10.508
2024-04-02 10:55:17,10.534
2024-04-02 10:55:23,10.525
2024-04-02 10:55:29,10.543
2024-04-02 10:55:35,10.525
2024-04-02 10:55:41,10.534
2024-04-02 10:55:47,10.534
2024-04-02 10:55:53,10.525
2024-04-02 10:55:59,10.508
2024-04-02 10:56:05,10.491
2024-04-02 10:56:11,10.5
2024-04-02 10:56:17,10.525
2024-04-02 10:56:23,10.517
2024-04-02 10:56:29,10.543
2024-04-02 10:56:35,10.491
2024-04-02 10:56:41,10.5
2024-04-02 10:56:47,10.517
2024-04-02 10:56:53,10.534
2024-04-02 10:56:59,10.508
2024-04-02 10:57:05,10.5
2024-04-02 10:57:11,10.525
2024-04-02 10:57:17,10.508
2024-04-02 10:57:23,10.508
2024-04-02 10:57:29,10.474
2024-04-02 10:57:35,10.491
2024-04-02 10:57:41,10.5
2024-04-02 10:57:47,10.5
2024-04-02 10:57:53,10.5
2024-04-02 10:57:59,10.517
2024-04-02 10:58:05,10.508
2024-04-02 10:58:11,10.517
2024-04-02 10:58:17,10.491
2024-04-02 10:58:23,10.5
2024-04-02 10:58:29,10.508
2024-04-02 10:58:35,10.508
2024-04-02 10:58:41,10.5
2024-04-02 10:58:47,10.491
2024-04-02 10:58:53,10.508
2024-04-02 10:58:59,10.448
2024-04-02 10:59:05,10.517
2024-04-02 10:59:11,10.465
2024-04-02 10:59:17,10.474
2024-04-02 10:59:23,10.491
2024-04-02 10:59:29,10.508
2024-04-02 10:59:35,10.517
2024-04-02 10:59:41,10.465
2024-04-02 10:59:47,10.483
2024-04-02 10:59:53,10.483
2024-04-02 10:59:59,10.491
2024-04-02 11:00:05,10.474
2024-04-02 11:00:11,10.457
2024-04-02 11:00:17,10.423
2024-04-02 11:00:23,10.483
2024-04-02 11:00:29,10.474
2024-04-02 11:00:35,10.474
2024-04-02 11:00:41,10.474
2024-04-02 11:00:47,10.474
2024-04-02 11:00:53,10.474
2024-04-02 11:00:59,10.474
2024-04-02 11:01:05,10.483
2024-04-02 11:01:11,10.448
2024-04-02 11:01:17,10.474
2024-04-02 11:01:23,10.431
2024-04-02 11:01:29,10.465
2024-04-02 11:01:35,10.474
2024-04-02 11:01:41,10.457
2024-04-02 11:01:47,10.457
2024-04-02 11:01:53,10.44
2024-04-02 11:01:59,10.397
2024-04-02 11:02:05,10.465
2024-04-02 11:02:11,10.457
2024-04-02 11:02:17,10.431
2024-04-02 11:02:23,10.423
2024-04-02 11:02:29,10.414
2024-04-02 11:02:35,10.431
2024-04-02 11:02:41,10.457
2024-04-02 11:02:47,10.406
2024-04-02 11:02:53,10.44
2024-04-02 11:02:59,10.448
2024-04-02 11:03:05,10.423
2024-04-02 11:03:11,10.406
2024-04-02 11:03:17,10.406
2024-04-02 11:03:23,10.406
2024-04-02 11:03:29,10.397
2024-04-02 11:03:35,10.423
2024-04-02 11:03:41,10.414
2024-04-02 11:03:47,10.397
2024-04-02 11:03:53,10.414
2024-04-02 11:03:59,10.431
2024-04-02 11:04:05,10.414
2024-04-02 11:04:11,10.406
2024-04-02 11:04:17,10.388
2024-04-02 11:04:23,10.397
2024-04-02 11:04:29,10.397
2024-04-02 11:04:35,10.397
2024-04-02 11:04:41,10.414
2024-04-02 11:04:47,10.38
2024-04-02 11:04:53,10.38
2024-04-02 11:04:59,10.354
2024-04-02 11:05:05,10.423
2024-04-02 11:05:11,10.397
2024-04-02 11:05:17,10.388
2024-04-02 11:05:23,10.38
2024-04-02 11:05:29,10.423
2024-04-02 11:05:35,10.397
2024-04-02 11:05:41,10.38
2024-04-02 11:05:47,10.363
2024-04-02 11:05:53,10.38
2024-04-02 11:05:59,10.363
2024-04-02 11:06:05,10.388
2024-04-02 11:06:11,10.397
2024-04-02 11:06:17,10.38
2024-04-02 11:06:23,10.38
2024-04-02 11:06:29,10.388
2024-04-02 11:06:35,10.397
2024-04-02 11:06:41,10.371
2024-04-02 11:06:47,10.406
2024-04-02 11:06:53,10.337
2024-04-02 11:06:59,10.354
2024-04-02 11:07:05,10.388
2024-04-02 11:07:11,10.38
2024-04-02 11:07:17,10.371
2024-04-02 11:07:23,10.363
2024-04-02 11:07:29,10.354
2024-04-02 11:07:35,10.38
2024-04-02 11:07:41,10.371
2024-04-02 11:07:47,10.371
2024-04-02 11:07:53,10.354
2024-04-02 11:07:59,10.363
2024-04-02 11:08:05,10.38
2024-04-02 11:08:11,10.38
2024-04-02 11:08:17,10.397
2024-04-02 11:08:23,10.363
2024-04-02 11:08:29,10.337
2024-04-02 11:08:35,10.371
2024-04-02 11:08:41,10.363
2024-04-02 11:08:47,10.38
2024-04-02 11:08:53,10.337
2024-04-02 11:08:59,10.363
2024-04-02 11:09:05,10.363
2024-04-02 11:09:11,10.363
2024-04-02 11:09:17,10.363
2024-04-02 11:09:23,10.354
2024-04-02 11:09:29,10.354
2024-04-02 11:09:35,10.346
2024-04-02 11:09:41,10.337
2024-04-02 11:09:47,10.371
2024-04-02 11:09:53,10.371
2024-04-02 11:09:59,10.346
2024-04-02 11:10:05,10.371
2024-04-02 11:10:11,10.371
2024-04-02 11:10:17,10.363
2024-04-02 11:10:23,10.354
2024-04-02 11:10:29,10.346
2024-04-02 11:10:35,10.354
2024-04-02 11:10:41,10.354
2024-04-02 11:10:47,10.346
2024-04-02 11:10:53,10.337
2024-04-02 11:10:59,10.363
2024-04-02 11:11:05,10.337
2024-04-02 11:11:11,10.354
2024-04-02 11:11:17,10.354
2024-04-02 11:11:23,10.363
2024-04-02 11:11:29,10.32
2024-04-02 11:11:35,10.328
2024-04-02 11:11:41,10.337
2024-04-02 11:11:47,10.363
2024-04-02 11:11:53,10.354
2024-04-02 11:11:59,10.32
2024-04-02 11:12:05,10.328
2024-04-02 11:12:11,10.346
2024-04-02 11:12:17,10.354
2024-04-02 11:12:23,10.337
2024-04-02 11:12:29,10.311
2024-04-02 11:12:35,10.286
2024-04-02 11:12:41,10.346
2024-04-02 11:12:47,10.346
2024-04-02 11:12:53,10.311
2024-04-02 11:12:59,10.328
2024-04-02 11:13:05,10.32
2024-04-02 11:13:11,10.328
2024-04-02 11:13:17,10.328
2024-04-02 11:13:23,10.328
2024-04-02 11:13:29,10.303
2024-04-02 11:13:35,10.311
2024-04-02 11:13:41,10.32
2024-04-02 11:13:47,10.328
2024-04-02 11:13:53,10.337
2024-04-02 11:13:59,10.328
2024-04-02 11:14:05,10.328
2024-04-02 11:14:11,10.346
2024-04-02 11:14:17,10.337
2024-04-02 11:14:23,10.328
2024-04-02 11:14:29,10.328
2024-04-02 11:14:35,10.303
2024-04-02 11:14:41,10.32
2024-04-02 11:14:47,10.346
2024-04-02 11:14:53,10.337
2024-04-02 11:14:59,10.354
2024-04-02 11:15:05,10.294
2024-04-02 11:15:11,10.303
2024-04-02 11:15:17,10.311
2024-04-02 11:15:23,10.337
2024-04-02 11:15:29,10.311
2024-04-02 11:15:35,10.268
2024-04-02 11:15:41,10.328
2024-04-02 11:15:47,10.32
2024-04-02 11:15:53,10.337
2024-04-02 11:15:59,10.32
2024-04-02 11:16:05,10.337
2024-04-02 11:16:11,10.277
2024-04-02 11:16:17,10.303
2024-04-02 11:16:23,10.32
2024-04-02 11:16:29,10.32
2024-04-02 11:16:35,10.311
2024-04-02 11:16:41,10.32
2024-04-02 11:16:47,10.32
2024-04-02 11:16:53,10.337
2024-04-02 11:16:59,10.294
2024-04-02 11:17:05,10.294
2024-04-02 11:17:11,10.303
2024-04-02 11:17:17,10.32
2024-04-02 11:17:23,10.32
2024-04-02 11:17:29,10.311
2024-04-02 11:17:35,10.32
2024-04-02 11:17:41,10.311
2024-04-02 11:17:47,10.268
2024-04-02 11:17:53,10.32
2024-04-02 11:17:59,10.311
2024-04-02 11:18:05,10.294
2024-04-02 11:18:11,10.32
2024-04-02 11:18:17,10.294
2024-04-02 11:18:23,10.32
2024-04-02 11:18:29,10.311
2024-04-02 11:18:35,10.26
2024-04-02 11:18:41,10.277
2024-04-02 11:18:47,10.286
2024-04-02 11:18:53,10.303
2024-04-02 11:18:59,10.294
2024-04-02 11:19:05,10.311
2024-04-02 11:19:11,10.268
2024-04-02 11:19:17,10.286
2024-04-02 11:19:23,10.286
2024-04-02 11:19:29,10.311
2024-04-02 11:19:35,10.303
2024-04-02 11:19:41,10.286
2024-04-02 11:19:47,10.268
2024-04-02 11:19:53,10.286
2024-04-02 11:19:59,10.286
2024-04-02 11:20:05,10.26
2024-04-02 11:20:11,10.311
2024-04-02 11:20:17,10.268
2024-04-02 11:20:23,10.277
2024-04-02 11:20:29,10.277
2024-04-02 11:20:35,10.277
2024-04-02 11:20:41,10.26
2024-04-02 11:20:47,10.286
2024-04-02 11:20:53,10.294
2024-04-02 11:20:59,10.311
2024-04-02 11:21:05,10.294
2024-04-02 11:21:11,10.277
2024-04-02 11:21:17,10.277
2024-04-02 11:21:23,10.268
2024-04-02 11:21:29,10.294
2024-04-02 11:21:35,10.243
2024-04-02 11:21:41,10.243
2024-04-02 11:21:47,10.251
2024-04-02 11:21:53,10.251
2024-04-02 11:21:59,10.294
2024-04-02 11:22:05,10.294
2024-04-02 11:22:11,10.294
2024-04-02 11:22:17,10.251
2024-04-02 11:22:23,10.243
2024-04-02 11:22:29,10.251
2024-04-02 11:22:35,10.268
2024-04-02 11:22:41,10.251
2024-04-02 11:22:47,10.234
2024-04-02 11:22:53,10.234
2024-04-02 11:22:59,10.26
2024-04-02 11:23:05,10.191
2024-04-02 11:23:11,10.234
2024-04-02 11:23:17,10.217
2024-04-02 11:23:23,10.208
2024-04-02 11:23:29,10.243
2024-04-02 11:23:35,10.251
2024-04-02 11:23:41,10.268
2024-04-02 11:23:47,10.2
2024-04-02 11:23:53,10.234
2024-04-02 11:23:59,10.208
2024-04-02 11:24:05,10.226
2024-04-02 11:24:11,10.234
2024-04-02 11:24:17,10.191
2024-04-02 11:24:23,10.2
2024-04-02 11:24:29,10.234
2024-04-02 11:24:35,10.157
2024-04-02 11:24:41,10.2
2024-04-02 11:24:47,10.2
2024-04-02 11:24:53,10.183
2024-04-02 11:24:59,10.234
2024-04-02 11:25:05,10.208
2024-04-02 11:25:11,10.2
2024-04-02 11:25:17,10.208
2024-04-02 11:25:23,10.183
2024-04-02 11:25:29,10.2
2024-04-02 11:25:35,10.208
2024-04-02 11:25:41,10.2
2024-04-02 11:25:47,10.174
2024-04-02 11:25:53,10.183
2024-04-02 11:25:59,10.183
2024-04-02 11:26:05,10.149
2024-04-02 11:26:11,10.183
2024-04-02 11:26:17,10.183
2024-04-02 11:26:23,10.166
2024-04-02 11:26:29,10.183
2024-04-02 11:26:35,10.174
2024-04-02 11:26:41,10.166
2024-04-02 11:26:47,10.149
2024-04-02 11:26:53,10.174
2024-04-02 11:26:59,10.174
2024-04-02 11:27:05,10.174
2024-04-02 11:27:11,10.166
2024-04-02 11:27:17,10.166
2024-04-02 11:27:23,10.157
2024-04-02 11:27:29,10.174
2024-04-02 11:27:35,10.149
2024-04-02 11:27:41,10.157
2024-04-02 11:27:47,10.157
2024-04-02 11:27:53,10.131
2024-04-02 11:27:59,10.14
2024-04-02 11:28:05,10.149
2024-04-02 11:28:11,10.123
2024-04-02 11:28:17,10.114
2024-04-02 11:28:23,10.149
2024-04-02 11:28:29,10.14
2024-04-02 11:28:35,10.131
2024-04-02 11:28:41,10.097
2024-04-02 11:28:47,10.106
2024-04-02 11:28:53,10.097
2024-04-02 11:28:59,10.097
2024-04-02 11:29:05,10.08
2024-04-02 11:29:11,10.046
2024-04-02 11:29:17,10.08
2024-04-02 11:29:23,10.08
2024-04-02 11:29:29,10.054
2024-04-02 11:29:35,10.054
2024-04-02 11:29:41,10.071
2024-04-02 11:29:47,10.054
2024-04-02 11:29:53,10.063
2024-04-02 11:29:59,10.054
2024-04-02 11:30:05,10.054
2024-04-02 11:30:11,10.046
2024-04-02 11:30:17,10.046
2024-04-02 11:30:23,10.029
2024-04-02 11:30:29,10.003
2024-04-02 11:30:35,10.02
2024-04-02 11:30:41,9.951
2024-04-02 11:30:47,10.003
2024-04-02 11:30:53,9.969
2024-04-02 11:30:59,9.977
2024-04-02 11:31:05,9.986
2024-04-02 11:31:11,9.977
2024-04-02 11:31:17,9.977
2024-04-02 11:31:23,9.969
2024-04-02 11:31:29,9.977
2024-04-02 11:31:35,9.969
2024-04-02 11:31:41,9.951
2024-04-02 11:31:47,9.934
2024-04-02 11:31:53,9.926
2024-04-02 11:31:59,9.917
2024-04-02 11:32:05,9.9
2024-04-02 11:32:11,9.874
2024-04-02 11:32:17,9.9
2024-04-02 11:32:23,9.866
2024-04-02 11:32:29,9.849
2024-04-02 11:32:35,9.866
2024-04-02 11:32:41,9.866
2024-04-02 11:32:47,9.857
2024-04-02 11:32:53,9.832
2024-04-02 11:32:59,9.849
2024-04-02 11:33:05,9.866
2024-04-02 11:33:11,9.814
2024-04-02 11:33:17,9.806
2024-04-02 11:33:23,9.84
2024-04-02 11:33:29,9.797
2024-04-02 11:33:35,9.737
2024-04-02 11:33:41,9.72
2024-04-02 11:33:47,9.78
2024-04-02 11:33:53,9.712
2024-04-02 11:33:59,9.737
2024-04-02 11:34:05,9.746
2024-04-02 11:34:11,9.754
2024-04-02 11:34:17,9.754
2024-04-02 11:34:23,9.72
2024-04-02 11:34:29,9.677
2024-04-02 11:34:35,9.694
2024-04-02 11:34:41,9.677
2024-04-02 11:34:47,9.643
2024-04-02 11:34:53,9.617
2024-04-02 11:34:59,9.643
2024-04-02 11:35:05,9.592
2024-04-02 11:35:11,9.566
2024-04-02 11:35:17,9.583
2024-04-02 11:35:23,9.583
2024-04-02 11:35:29,9.592
2024-04-02 11:35:35,9.549
2024-04-02 11:35:41,9.549
2024-04-02 11:35:47,9.523
2024-04-02 11:35:53,9.497
2024-04-02 11:35:59,9.497
2024-04-02 11:36:05,9.48
2024-04-02 11:36:11,9.446
2024-04-02 11:36:17,9.429
2024-04-02 11:36:23,9.437
2024-04-02 11:36:29,9.403
2024-04-02 11:36:35,9.378
2024-04-02 11:36:41,9.318
2024-04-02 11:36:47,9.352
2024-04-02 11:36:53,9.343
2024-04-02 11:36:59,9.326
2024-04-02 11:37:05,9.266
2024-04-02 11:37:11,9.24
2024-04-02 11:37:17,9.232
2024-04-02 11:37:23,9.215
2024-04-02 11:37:29,9.189
2024-04-02 11:37:35,9.18
2024-04-02 11:37:41,9.155
2024-04-02 11:37:47,9.146
2024-04-02 11:37:53,9.138
2024-04-02 11:37:59,9.069
2024-04-02 11:38:05,9.052
2024-04-02 11:38:11,8.975
2024-04-02 11:38:17,8.958
